gbifID	datasetKey	occurrenceID	kingdom	phylum	class	order	family	genus	species	infraspecificEpithet	taxonRank	scientificName	verbatimScientificName	verbatimScientificNameAuthorship	countryCode	locality	stateProvince	occurrenceStatus	individualCount	publishingOrgKey	decimalLatitude	decimalLongitude	coordinateUncertaintyInMeters	coordinatePrecision	elevation	elevationAccuracy	depth	depthAccuracy	eventDate	day	month	year	taxonKey	speciesKey	basisOfRecord	institutionCode	collectionCode	catalogNumber	recordNumber	identifiedBy	dateIdentified	license	rightsHolder	recordedBy	typeStatus	establishmentMeans	lastInterpreted	mediaType	issue
3359689707	ec377d02-c837-445a-9a35-d600adbf0ba0	MMA:GEFMONT:ALM:U5:M5_4	Animalia	Chordata	Aves	Passeriformes	Fringillidae	Spinus	Spinus barbatus		SPECIES	Spinus barbatus (Molina, 1782)	Spinus barbatus	Molina, 1782	CL	Fundo El Almendral	Región Metropolitana de Santiago	PRESENT	2	bf0d80b3-46da-4e60-b1cf-39f2320acb43									2020-05-01	1	5	2020	4Z65L	4Z65L	HUMAN_OBSERVATION	MMA:GEFMONT	GEFMONT:ALM:U	ALM:U5:M5_4		Sergio Alvarado;Francisco Santander		CC_BY_4_0		Sergio Alvarado		native	2026-07-18T20:27:21.080Z		OCCURRENCE_STATUS_INFERRED_FROM_INDIVIDUAL_COUNT
3359689706	ec377d02-c837-445a-9a35-d600adbf0ba0	MMA:GEFMONT:ALM:U5:M5_2	Animalia	Chordata	Aves	Passeriformes	Troglodytidae	Troglodytes	Troglodytes aedon		SPECIES	Troglodytes aedon Vieillot, 1809	Troglodytes aedon	Vieillot, 1809	CL	Fundo El Almendral	Región Metropolitana de Santiago	PRESENT	1	bf0d80b3-46da-4e60-b1cf-39f2320acb43									2020-05-01	1	5	2020	598SY	598SY	HUMAN_OBSERVATION	MMA:GEFMONT	GEFMONT:ALM:U	ALM:U5:M5_2		Sergio Alvarado;Francisco Santander		CC_BY_4_0		Sergio Alvarado		native	2026-07-18T20:27:21.079Z		OCCURRENCE_STATUS_INFERRED_FROM_INDIVIDUAL_COUNT
3359689705	ec377d02-c837-445a-9a35-d600adbf0ba0	MMA:GEFMONT:ALM:U5:M5_3	Animalia	Chordata	Aves	Passeriformes	Passerellidae	Zonotrichia	Zonotrichia capensis		SPECIES	Zonotrichia capensis (P.L.S.Müller, 1776)	Zonotrichia capensis	Statius Müller, 1776	CL	Fundo El Almendral	Región Metropolitana de Santiago	PRESENT	2	bf0d80b3-46da-4e60-b1cf-39f2320acb43									2020-05-01	1	5	2020	5D763	5D763	HUMAN_OBSERVATION	MMA:GEFMONT	GEFMONT:ALM:U	ALM:U5:M5_3		Sergio Alvarado;Francisco Santander		CC_BY_4_0		Sergio Alvarado		native	2026-07-18T20:27:21.079Z		OCCURRENCE_STATUS_INFERRED_FROM_INDIVIDUAL_COUNT
3359689704	ec377d02-c837-445a-9a35-d600adbf0ba0	MMA:GEFMONT:ALM:E1:M6_3	Animalia	Chordata	Aves	Falconiformes	Falconidae	Milvago	Milvago chimango		SPECIES	Milvago chimango (Vieillot, 1816)	Milvago chimango	Vieillot, 1816	CL	Fundo El Almendral	Región Metropolitana de Santiago	PRESENT	1	bf0d80b3-46da-4e60-b1cf-39f2320acb43									2020-06-01	1	6	2020	43DZ9	43DZ9	HUMAN_OBSERVATION	MMA:GEFMONT	GEFMONT:ALM:E	ALM:E1:M6_3		Sergio Alvarado;Francisco Santander		CC_BY_4_0		Sergio Alvarado		native	2026-07-18T20:27:21.079Z		OCCURRENCE_STATUS_INFERRED_FROM_INDIVIDUAL_COUNT
3359689703	ec377d02-c837-445a-9a35-d600adbf0ba0	MMA:GEFMONT:ALM:U5:M5_1	Animalia	Chordata	Aves	Accipitriformes	Accipitridae	Parabuteo	Parabuteo unicinctus		SPECIES	Parabuteo unicinctus (Temminck, 1824)	Parabuteo unicinctus	Temminck, 1824	CL	Fundo El Almendral	Región Metropolitana de Santiago	PRESENT	1	bf0d80b3-46da-4e60-b1cf-39f2320acb43									2020-05-01	1	5	2020	4CN4R	4CN4R	HUMAN_OBSERVATION	MMA:GEFMONT	GEFMONT:ALM:U	ALM:U5:M5_1		Sergio Alvarado;Francisco Santander		CC_BY_4_0		Sergio Alvarado		native	2026-07-18T20:27:21.079Z		OCCURRENCE_STATUS_INFERRED_FROM_INDIVIDUAL_COUNT
3359689702	ec377d02-c837-445a-9a35-d600adbf0ba0	MMA:GEFMONT:ALM:U8:M1_5	Animalia	Chordata	Aves	Passeriformes	Turdidae	Turdus	Turdus falcklandii		SPECIES	Turdus falcklandii Quoy & Gaimard, 1824	Turdus falcklandii	Quoy & Gaimard, 1824	CL	Fundo El Almendral	Región Metropolitana de Santiago	PRESENT	2	bf0d80b3-46da-4e60-b1cf-39f2320acb43									2019-12-27	27	12	2019	7CZ7W	7CZ7W	HUMAN_OBSERVATION	MMA:GEFMONT	GEFMONT:ALM:U	ALM:U8:M1_5		Sergio Alvarado;Francisco Santander		CC_BY_4_0		Sergio Alvarado		native	2026-07-18T20:27:21.079Z		OCCURRENCE_STATUS_INFERRED_FROM_INDIVIDUAL_COUNT
3359689701	ec377d02-c837-445a-9a35-d600adbf0ba0	MMA:GEFMONT:ALM:U8:M1_4	Animalia	Chordata	Aves	Columbiformes	Columbidae	Zenaida	Zenaida auriculata		SPECIES	Zenaida auriculata (Des Murs, 1847)	Zenaida auriculata	Des Murs, 1847	CL	Fundo El Almendral	Región Metropolitana de Santiago	PRESENT	1	bf0d80b3-46da-4e60-b1cf-39f2320acb43									2019-12-27	27	12	2019	5D2BV	5D2BV	HUMAN_OBSERVATION	MMA:GEFMONT	GEFMONT:ALM:U	ALM:U8:M1_4		Sergio Alvarado;Francisco Santander		CC_BY_4_0		Sergio Alvarado		native	2026-07-18T20:27:21.079Z		OCCURRENCE_STATUS_INFERRED_FROM_INDIVIDUAL_COUNT
3359689700	ec377d02-c837-445a-9a35-d600adbf0ba0	MMA:GEFMONT:ALM:U8:M1_3	Animalia	Chordata	Aves	Passeriformes	Tyrannidae	Elaenia	Elaenia albiceps		SPECIES	Elaenia albiceps (Orbigny & Lafresnaye, 1837)	Elaenia albiceps	d'Orbigny y Lafresnaye, 1837	CL	Fundo El Almendral	Región Metropolitana de Santiago	PRESENT	1	bf0d80b3-46da-4e60-b1cf-39f2320acb43									2019-12-27	27	12	2019	38XGD	38XGD	HUMAN_OBSERVATION	MMA:GEFMONT	GEFMONT:ALM:U	ALM:U8:M1_3		Sergio Alvarado;Francisco Santander		CC_BY_4_0		Sergio Alvarado		native	2026-07-18T20:27:21.078Z		OCCURRENCE_STATUS_INFERRED_FROM_INDIVIDUAL_COUNT
3359689699	ec377d02-c837-445a-9a35-d600adbf0ba0	MMA:GEFMONT:ALM:U8:M1_2	Animalia	Chordata	Aves	Galliformes	Odontophoridae	Callipepla	Callipepla californica		SPECIES	Callipepla californica (Shaw, 1798)	Callipepla californica	Shaw, 1798	CL	Fundo El Almendral	Región Metropolitana de Santiago	PRESENT	2	bf0d80b3-46da-4e60-b1cf-39f2320acb43									2019-12-27	27	12	2019	PSBS	PSBS	HUMAN_OBSERVATION	MMA:GEFMONT	GEFMONT:ALM:U	ALM:U8:M1_2		Sergio Alvarado;Francisco Santander		CC_BY_4_0		Sergio Alvarado		introduced	2026-07-18T20:27:21.078Z		OCCURRENCE_STATUS_INFERRED_FROM_INDIVIDUAL_COUNT
3359689698	ec377d02-c837-445a-9a35-d600adbf0ba0	MMA:GEFMONT:ALM:U8:M1_1	Animalia	Chordata	Aves	Accipitriformes	Accipitridae	Parabuteo	Parabuteo unicinctus		SPECIES	Parabuteo unicinctus (Temminck, 1824)	Parabuteo unicinctus	Temminck, 1824	CL	Fundo El Almendral	Región Metropolitana de Santiago	PRESENT	2	bf0d80b3-46da-4e60-b1cf-39f2320acb43									2019-12-27	27	12	2019	4CN4R	4CN4R	HUMAN_OBSERVATION	MMA:GEFMONT	GEFMONT:ALM:U	ALM:U8:M1_1		Sergio Alvarado;Francisco Santander		CC_BY_4_0		Sergio Alvarado		native	2026-07-18T20:27:21.078Z		OCCURRENCE_STATUS_INFERRED_FROM_INDIVIDUAL_COUNT
3359689697	ec377d02-c837-445a-9a35-d600adbf0ba0	MMA:GEFMONT:ALM:U3:M2_1	Animalia	Chordata	Aves	Passeriformes	Tyrannidae	Elaenia	Elaenia albiceps		SPECIES	Elaenia albiceps (Orbigny & Lafresnaye, 1837)	Elaenia albiceps	d'Orbigny y Lafresnaye, 1837	CL	Fundo El Almendral	Región Metropolitana de Santiago	PRESENT	2	bf0d80b3-46da-4e60-b1cf-39f2320acb43									2020-01-25	25	1	2020	38XGD	38XGD	HUMAN_OBSERVATION	MMA:GEFMONT	GEFMONT:ALM:U	ALM:U3:M2_1		Sergio Alvarado;Francisco Santander		CC_BY_4_0		Sergio Alvarado		native	2026-07-18T20:27:21.078Z		OCCURRENCE_STATUS_INFERRED_FROM_INDIVIDUAL_COUNT
3359689696	ec377d02-c837-445a-9a35-d600adbf0ba0	MMA:GEFMONT:ALM:U3:M2_2	Animalia	Chordata	Aves	Columbiformes	Columbidae	Columbina	Columbina picui		SPECIES	Columbina picui (Temminck, 1813)	Columbina picui	Temminck, 1813	CL	Fundo El Almendral	Región Metropolitana de Santiago	PRESENT	1	bf0d80b3-46da-4e60-b1cf-39f2320acb43									2020-01-25	25	1	2020	5ZPZZ	5ZPZZ	HUMAN_OBSERVATION	MMA:GEFMONT	GEFMONT:ALM:U	ALM:U3:M2_2		Sergio Alvarado;Francisco Santander		CC_BY_4_0		Sergio Alvarado		native	2026-07-18T20:27:21.078Z		OCCURRENCE_STATUS_INFERRED_FROM_INDIVIDUAL_COUNT
3359689695	ec377d02-c837-445a-9a35-d600adbf0ba0	MMA:GEFMONT:ALM:E1:M6_2	Animalia	Chordata	Aves	Accipitriformes	Accipitridae	Geranoaetus	Geranoaetus melanoleucus		SPECIES	Geranoaetus melanoleucus (Vieillot, 1819)	Geranoaetus melanoleucus	Vieillot, 1819	CL	Fundo El Almendral	Región Metropolitana de Santiago	PRESENT	2	bf0d80b3-46da-4e60-b1cf-39f2320acb43									2020-06-01	1	6	2020	3FVCC	3FVCC	HUMAN_OBSERVATION	MMA:GEFMONT	GEFMONT:ALM:E	ALM:E1:M6_2		Sergio Alvarado;Francisco Santander		CC_BY_4_0		Sergio Alvarado		native	2026-07-18T20:27:21.078Z		OCCURRENCE_STATUS_INFERRED_FROM_INDIVIDUAL_COUNT
3359689694	ec377d02-c837-445a-9a35-d600adbf0ba0	MMA:GEFMONT:ALM:E1:M6_1	Animalia	Chordata	Aves	Columbiformes	Columbidae	Patagioenas	Patagioenas araucana		SPECIES	Patagioenas araucana (R.Lesson & Garnot, 1827)	Patagioenas araucana	Temmink, 1813	CL	Fundo El Almendral	Región Metropolitana de Santiago	PRESENT	2	bf0d80b3-46da-4e60-b1cf-39f2320acb43									2020-06-01	1	6	2020	4DZDP	4DZDP	HUMAN_OBSERVATION	MMA:GEFMONT	GEFMONT:ALM:E	ALM:E1:M6_1		Sergio Alvarado;Francisco Santander		CC_BY_4_0		Sergio Alvarado		native	2026-07-18T20:27:21.077Z		OCCURRENCE_STATUS_INFERRED_FROM_INDIVIDUAL_COUNT
3359689693	ec377d02-c837-445a-9a35-d600adbf0ba0	MMA:GEFMONT:ALM:E6:M5_5	Animalia	Chordata	Aves	Accipitriformes	Accipitridae	Geranoaetus	Geranoaetus melanoleucus		SPECIES	Geranoaetus melanoleucus (Vieillot, 1819)	Geranoaetus melanoleucus	Vieillot, 1819	CL	Fundo El Almendral	Región Metropolitana de Santiago	PRESENT	2	bf0d80b3-46da-4e60-b1cf-39f2320acb43									2020-05-01	1	5	2020	3FVCC	3FVCC	HUMAN_OBSERVATION	MMA:GEFMONT	GEFMONT:ALM:E	ALM:E6:M5_5		Sergio Alvarado;Francisco Santander		CC_BY_4_0		Sergio Alvarado		native	2026-07-18T20:27:21.077Z		OCCURRENCE_STATUS_INFERRED_FROM_INDIVIDUAL_COUNT
3359689692	ec377d02-c837-445a-9a35-d600adbf0ba0	MMA:GEFMONT:ALM:E3:M8_2	Animalia	Chordata	Aves	Passeriformes	Rhinocryptidae	Pteroptochos	Pteroptochos megapodius		SPECIES	Pteroptochos megapodius Kittlitz, 1830	Pteroptochos megapodius	Kittlitz, 1830	CL	Fundo El Almendral	Región Metropolitana de Santiago	PRESENT	1	bf0d80b3-46da-4e60-b1cf-39f2320acb43									2020-10-01	1	10	2020	4Q2S6	4Q2S6	HUMAN_OBSERVATION	MMA:GEFMONT	GEFMONT:ALM:E	ALM:E3:M8_2		Sergio Alvarado;Francisco Santander		CC_BY_4_0		Sergio Alvarado		native	2026-07-18T20:27:21.077Z		OCCURRENCE_STATUS_INFERRED_FROM_INDIVIDUAL_COUNT
3359689691	ec377d02-c837-445a-9a35-d600adbf0ba0	MMA:GEFMONT:ALM:E6:M5_2	Animalia	Chordata	Aves	Piciformes	Picidae	Colaptes	Colaptes pitius		SPECIES	Colaptes pitius (Molina, 1782)	Colaptes pitius	Molina, 1782	CL	Fundo El Almendral	Región Metropolitana de Santiago	PRESENT	1	bf0d80b3-46da-4e60-b1cf-39f2320acb43									2020-05-01	1	5	2020	WX2S	WX2S	HUMAN_OBSERVATION	MMA:GEFMONT	GEFMONT:ALM:E	ALM:E6:M5_2		Sergio Alvarado;Francisco Santander		CC_BY_4_0		Sergio Alvarado		native	2026-07-18T20:27:21.077Z		OCCURRENCE_STATUS_INFERRED_FROM_INDIVIDUAL_COUNT
3359689690	ec377d02-c837-445a-9a35-d600adbf0ba0	MMA:GEFMONT:ALM:E3:M8_1	Animalia	Chordata	Aves	Passeriformes	Rhinocryptidae	Pteroptochos	Pteroptochos megapodius		SPECIES	Pteroptochos megapodius Kittlitz, 1830	Pteroptochos megapodius	Kittlitz, 1830	CL	Fundo El Almendral	Región Metropolitana de Santiago	PRESENT	1	bf0d80b3-46da-4e60-b1cf-39f2320acb43									2020-10-01	1	10	2020	4Q2S6	4Q2S6	HUMAN_OBSERVATION	MMA:GEFMONT	GEFMONT:ALM:E	ALM:E3:M8_1		Sergio Alvarado;Francisco Santander		CC_BY_4_0		Sergio Alvarado		native	2026-07-18T20:27:21.077Z		OCCURRENCE_STATUS_INFERRED_FROM_INDIVIDUAL_COUNT
3359689689	ec377d02-c837-445a-9a35-d600adbf0ba0	MMA:GEFMONT:ALM:E6:M5_1	Animalia	Chordata	Aves	Piciformes	Picidae	Colaptes	Colaptes pitius		SPECIES	Colaptes pitius (Molina, 1782)	Colaptes pitius	Molina, 1782	CL	Fundo El Almendral	Región Metropolitana de Santiago	PRESENT	1	bf0d80b3-46da-4e60-b1cf-39f2320acb43									2020-05-01	1	5	2020	WX2S	WX2S	HUMAN_OBSERVATION	MMA:GEFMONT	GEFMONT:ALM:E	ALM:E6:M5_1		Sergio Alvarado;Francisco Santander		CC_BY_4_0		Sergio Alvarado		native	2026-07-18T20:27:21.076Z		OCCURRENCE_STATUS_INFERRED_FROM_INDIVIDUAL_COUNT
3359689688	ec377d02-c837-445a-9a35-d600adbf0ba0	MMA:GEFMONT:ALM:E6:M5_4	Animalia	Chordata	Aves	Falconiformes	Falconidae	Falco	Falco sparverius		SPECIES	Falco sparverius Linnaeus, 1758	Falco sparverius	Linnaeus, 1758	CL	Fundo El Almendral	Región Metropolitana de Santiago	PRESENT	1	bf0d80b3-46da-4e60-b1cf-39f2320acb43									2020-05-01	1	5	2020	3DTGT	3DTGT	HUMAN_OBSERVATION	MMA:GEFMONT	GEFMONT:ALM:E	ALM:E6:M5_4		Sergio Alvarado;Francisco Santander		CC_BY_4_0		Sergio Alvarado		native	2026-07-18T20:27:21.076Z		OCCURRENCE_STATUS_INFERRED_FROM_INDIVIDUAL_COUNT
3359689687	ec377d02-c837-445a-9a35-d600adbf0ba0	MMA:GEFMONT:ALM:E6:M5_3	Animalia	Chordata	Aves	Piciformes	Picidae	Colaptes	Colaptes pitius		SPECIES	Colaptes pitius (Molina, 1782)	Colaptes pitius	Molina, 1782	CL	Fundo El Almendral	Región Metropolitana de Santiago	PRESENT	1	bf0d80b3-46da-4e60-b1cf-39f2320acb43									2020-05-01	1	5	2020	WX2S	WX2S	HUMAN_OBSERVATION	MMA:GEFMONT	GEFMONT:ALM:E	ALM:E6:M5_3		Sergio Alvarado;Francisco Santander		CC_BY_4_0		Sergio Alvarado		native	2026-07-18T20:27:21.076Z		OCCURRENCE_STATUS_INFERRED_FROM_INDIVIDUAL_COUNT
3359689686	ec377d02-c837-445a-9a35-d600adbf0ba0	MMA:GEFMONT:ALM:E3:M8_4	Animalia	Chordata	Aves	Accipitriformes	Cathartidae	Vultur	Vultur gryphus		SPECIES	Vultur gryphus Linnaeus, 1758	Vultur gryphus	Linnaeus, 1758	CL	Fundo El Almendral	Región Metropolitana de Santiago	PRESENT	3	bf0d80b3-46da-4e60-b1cf-39f2320acb43									2020-10-01	1	10	2020	5BSLM	5BSLM	HUMAN_OBSERVATION	MMA:GEFMONT	GEFMONT:ALM:E	ALM:E3:M8_4		Sergio Alvarado;Francisco Santander		CC_BY_4_0		Sergio Alvarado		native	2026-07-18T20:27:21.076Z		OCCURRENCE_STATUS_INFERRED_FROM_INDIVIDUAL_COUNT
3359689685	ec377d02-c837-445a-9a35-d600adbf0ba0	MMA:GEFMONT:ALM:E3:M8_3	Animalia	Chordata	Aves	Accipitriformes	Accipitridae	Geranoaetus	Geranoaetus polyosoma		SPECIES	Geranoaetus polyosoma (Quoy & Gaimard, 1824)	Geranoaetus polyosoma	Quoy & Gaimard, 1824	CL	Fundo El Almendral	Región Metropolitana de Santiago	PRESENT	1	bf0d80b3-46da-4e60-b1cf-39f2320acb43									2020-10-01	1	10	2020	CV6ND	CV6ND	HUMAN_OBSERVATION	MMA:GEFMONT	GEFMONT:ALM:E	ALM:E3:M8_3		Sergio Alvarado;Francisco Santander		CC_BY_4_0		Sergio Alvarado		native	2026-07-18T20:27:21.073Z		OCCURRENCE_STATUS_INFERRED_FROM_INDIVIDUAL_COUNT
3359689684	ec377d02-c837-445a-9a35-d600adbf0ba0	MMA:GEFMONT:ALM:N2:M5_1	Animalia	Chordata	Aves	Strigiformes	Strigidae	Glaucidium	Glaucidium nana		SPECIES	Glaucidium nana (P.P.King, 1827)	Glaucidium nana	King, 1828	CL	Fundo El Almendral	Región Metropolitana de Santiago	PRESENT	2	bf0d80b3-46da-4e60-b1cf-39f2320acb43									2020-05-01	1	5	2020	3G644	3G644	HUMAN_OBSERVATION	MMA:GEFMONT	GEFMONT:ALM:N	ALM:N2:M5_1		Sergio Alvarado;Francisco Santander		CC_BY_4_0		Sergio Alvarado		native	2026-07-18T20:27:21.073Z		OCCURRENCE_STATUS_INFERRED_FROM_INDIVIDUAL_COUNT
3359689683	ec377d02-c837-445a-9a35-d600adbf0ba0	MMA:GEFMONT:ALM:U5:M4_5	Animalia	Chordata	Aves	Passeriformes	Icteridae	Curaeus	Curaeus curaeus		SPECIES	Curaeus curaeus (Molina, 1782)	Curaeus curaeus	Molina, 1782	CL	Fundo El Almendral	Región Metropolitana de Santiago	PRESENT	2	bf0d80b3-46da-4e60-b1cf-39f2320acb43									2020-03-28	28	3	2020	32G3G	32G3G	HUMAN_OBSERVATION	MMA:GEFMONT	GEFMONT:ALM:U	ALM:U5:M4_5		Sergio Alvarado;Francisco Santander		CC_BY_4_0		Sergio Alvarado		native	2026-07-18T20:27:21.073Z		OCCURRENCE_STATUS_INFERRED_FROM_INDIVIDUAL_COUNT
3359689682	ec377d02-c837-445a-9a35-d600adbf0ba0	MMA:GEFMONT:ALM:U5:M4_3	Animalia	Chordata	Aves	Columbiformes	Columbidae	Zenaida	Zenaida auriculata		SPECIES	Zenaida auriculata (Des Murs, 1847)	Zenaida auriculata	Des Murs, 1847	CL	Fundo El Almendral	Región Metropolitana de Santiago	PRESENT	1	bf0d80b3-46da-4e60-b1cf-39f2320acb43									2020-03-28	28	3	2020	5D2BV	5D2BV	HUMAN_OBSERVATION	MMA:GEFMONT	GEFMONT:ALM:U	ALM:U5:M4_3		Sergio Alvarado;Francisco Santander		CC_BY_4_0		Sergio Alvarado		native	2026-07-18T20:27:21.072Z		OCCURRENCE_STATUS_INFERRED_FROM_INDIVIDUAL_COUNT
3359689681	ec377d02-c837-445a-9a35-d600adbf0ba0	MMA:GEFMONT:ALM:U5:M4_4	Animalia	Chordata	Aves	Passeriformes	Turdidae	Turdus	Turdus falcklandii		SPECIES	Turdus falcklandii Quoy & Gaimard, 1824	Turdus falcklandii	Quoy & Gaimard, 1824	CL	Fundo El Almendral	Región Metropolitana de Santiago	PRESENT	1	bf0d80b3-46da-4e60-b1cf-39f2320acb43									2020-03-28	28	3	2020	7CZ7W	7CZ7W	HUMAN_OBSERVATION	MMA:GEFMONT	GEFMONT:ALM:U	ALM:U5:M4_4		Sergio Alvarado;Francisco Santander		CC_BY_4_0		Sergio Alvarado		native	2026-07-18T20:27:21.072Z		OCCURRENCE_STATUS_INFERRED_FROM_INDIVIDUAL_COUNT
3359689680	ec377d02-c837-445a-9a35-d600adbf0ba0	MMA:GEFMONT:ALM:E1:M7_2	Animalia	Chordata	Aves	Accipitriformes	Accipitridae	Geranoaetus	Geranoaetus melanoleucus		SPECIES	Geranoaetus melanoleucus (Vieillot, 1819)	Geranoaetus melanoleucus	Vieillot, 1819	CL	Fundo El Almendral	Región Metropolitana de Santiago	PRESENT	1	bf0d80b3-46da-4e60-b1cf-39f2320acb43									2020-08-28	28	8	2020	3FVCC	3FVCC	HUMAN_OBSERVATION	MMA:GEFMONT	GEFMONT:ALM:E	ALM:E1:M7_2		Sergio Alvarado;Francisco Santander		CC_BY_4_0		Sergio Alvarado		native	2026-07-18T20:27:21.072Z		OCCURRENCE_STATUS_INFERRED_FROM_INDIVIDUAL_COUNT
3359689679	ec377d02-c837-445a-9a35-d600adbf0ba0	MMA:GEFMONT:ALM:U5:M4_1	Animalia	Chordata	Aves	Passeriformes	Icteridae	Leistes	Leistes loyca		SPECIES	Leistes loyca (Molina, 1782)	Leistes loyca	Molina, 1782	CL	Fundo El Almendral	Región Metropolitana de Santiago	PRESENT	1	bf0d80b3-46da-4e60-b1cf-39f2320acb43									2020-03-28	28	3	2020	DDCWV	DDCWV	HUMAN_OBSERVATION	MMA:GEFMONT	GEFMONT:ALM:U	ALM:U5:M4_1		Sergio Alvarado;Francisco Santander		CC_BY_4_0		Sergio Alvarado		native	2026-07-18T20:27:21.072Z		OCCURRENCE_STATUS_INFERRED_FROM_INDIVIDUAL_COUNT
3359689678	ec377d02-c837-445a-9a35-d600adbf0ba0	MMA:GEFMONT:ALM:U5:M4_2	Animalia	Chordata	Aves	Piciformes	Picidae	Colaptes	Colaptes pitius		SPECIES	Colaptes pitius (Molina, 1782)	Colaptes pitius	Molina, 1782	CL	Fundo El Almendral	Región Metropolitana de Santiago	PRESENT	1	bf0d80b3-46da-4e60-b1cf-39f2320acb43									2020-03-28	28	3	2020	WX2S	WX2S	HUMAN_OBSERVATION	MMA:GEFMONT	GEFMONT:ALM:U	ALM:U5:M4_2		Sergio Alvarado;Francisco Santander		CC_BY_4_0		Sergio Alvarado		native	2026-07-18T20:27:21.071Z		OCCURRENCE_STATUS_INFERRED_FROM_INDIVIDUAL_COUNT
3359689677	ec377d02-c837-445a-9a35-d600adbf0ba0	MMA:GEFMONT:ALM:U3:M1_2	Animalia	Chordata	Aves	Passeriformes	Turdidae	Turdus	Turdus falcklandii		SPECIES	Turdus falcklandii Quoy & Gaimard, 1824	Turdus falcklandii	Quoy & Gaimard, 1824	CL	Fundo El Almendral	Región Metropolitana de Santiago	PRESENT	1	bf0d80b3-46da-4e60-b1cf-39f2320acb43									2019-12-27	27	12	2019	7CZ7W	7CZ7W	HUMAN_OBSERVATION	MMA:GEFMONT	GEFMONT:ALM:U	ALM:U3:M1_2		Sergio Alvarado;Francisco Santander		CC_BY_4_0		Sergio Alvarado		native	2026-07-18T20:27:21.071Z		OCCURRENCE_STATUS_INFERRED_FROM_INDIVIDUAL_COUNT
3359689676	ec377d02-c837-445a-9a35-d600adbf0ba0	MMA:GEFMONT:ALM:U10:M8_6	Animalia	Chordata	Aves	Passeriformes	Turdidae	Turdus	Turdus falcklandii		SPECIES	Turdus falcklandii Quoy & Gaimard, 1824	Turdus falcklandii	Quoy & Gaimard, 1824	CL	Fundo El Almendral	Región Metropolitana de Santiago	PRESENT	1	bf0d80b3-46da-4e60-b1cf-39f2320acb43									2020-10-01	1	10	2020	7CZ7W	7CZ7W	HUMAN_OBSERVATION	MMA:GEFMONT	GEFMONT:ALM:U	ALM:U10:M8_6		Sergio Alvarado;Francisco Santander		CC_BY_4_0		Sergio Alvarado		native	2026-07-18T20:27:21.071Z		OCCURRENCE_STATUS_INFERRED_FROM_INDIVIDUAL_COUNT
3359689675	ec377d02-c837-445a-9a35-d600adbf0ba0	MMA:GEFMONT:ALM:U10:M8_5	Animalia	Chordata	Aves	Columbiformes	Columbidae	Columbina	Columbina picui		SPECIES	Columbina picui (Temminck, 1813)	Columbina picui	Temminck, 1813	CL	Fundo El Almendral	Región Metropolitana de Santiago	PRESENT	1	bf0d80b3-46da-4e60-b1cf-39f2320acb43									2020-10-01	1	10	2020	5ZPZZ	5ZPZZ	HUMAN_OBSERVATION	MMA:GEFMONT	GEFMONT:ALM:U	ALM:U10:M8_5		Sergio Alvarado;Francisco Santander		CC_BY_4_0		Sergio Alvarado		native	2026-07-18T20:27:21.071Z		OCCURRENCE_STATUS_INFERRED_FROM_INDIVIDUAL_COUNT
3359689674	ec377d02-c837-445a-9a35-d600adbf0ba0	MMA:GEFMONT:ALM:U10:M8_4	Animalia	Chordata	Aves	Passeriformes	Furnariidae	Leptasthenura	Leptasthenura aegithaloides		SPECIES	Leptasthenura aegithaloides (Kittlitz, 1830)	Leptasthenura aegithaloides	Kittlitz, 1830	CL	Fundo El Almendral	Región Metropolitana de Santiago	PRESENT	1	bf0d80b3-46da-4e60-b1cf-39f2320acb43									2020-10-01	1	10	2020	3THYS	3THYS	HUMAN_OBSERVATION	MMA:GEFMONT	GEFMONT:ALM:U	ALM:U10:M8_4		Sergio Alvarado;Francisco Santander		CC_BY_4_0		Sergio Alvarado		native	2026-07-18T20:27:21.071Z		OCCURRENCE_STATUS_INFERRED_FROM_INDIVIDUAL_COUNT
3359689673	ec377d02-c837-445a-9a35-d600adbf0ba0	MMA:GEFMONT:ALM:U10:M8_3	Animalia	Chordata	Aves	Charadriiformes	Charadriidae	Vanellus	Vanellus chilensis		SPECIES	Vanellus chilensis (Molina, 1782)	Vanellus chilensis	Molina, 1782	CL	Fundo El Almendral	Región Metropolitana de Santiago	PRESENT	2	bf0d80b3-46da-4e60-b1cf-39f2320acb43									2020-10-01	1	10	2020	7FFJ9	7FFJ9	HUMAN_OBSERVATION	MMA:GEFMONT	GEFMONT:ALM:U	ALM:U10:M8_3		Sergio Alvarado;Francisco Santander		CC_BY_4_0		Sergio Alvarado		native	2026-07-18T20:27:21.070Z		OCCURRENCE_STATUS_INFERRED_FROM_INDIVIDUAL_COUNT
3359689672	ec377d02-c837-445a-9a35-d600adbf0ba0	MMA:GEFMONT:ALM:E1:M7_1	Animalia	Chordata	Aves	Columbiformes	Columbidae	Zenaida	Zenaida auriculata		SPECIES	Zenaida auriculata (Des Murs, 1847)	Zenaida auriculata	Des Murs, 1847	CL	Fundo El Almendral	Región Metropolitana de Santiago	PRESENT	1	bf0d80b3-46da-4e60-b1cf-39f2320acb43									2020-08-28	28	8	2020	5D2BV	5D2BV	HUMAN_OBSERVATION	MMA:GEFMONT	GEFMONT:ALM:E	ALM:E1:M7_1		Sergio Alvarado;Francisco Santander		CC_BY_4_0		Sergio Alvarado		native	2026-07-18T20:27:21.070Z		OCCURRENCE_STATUS_INFERRED_FROM_INDIVIDUAL_COUNT
3359689671	ec377d02-c837-445a-9a35-d600adbf0ba0	MMA:GEFMONT:ALM:U3:M1_1	Animalia	Chordata	Aves	Passeriformes	Tyrannidae	Elaenia	Elaenia albiceps		SPECIES	Elaenia albiceps (Orbigny & Lafresnaye, 1837)	Elaenia albiceps	d'Orbigny y Lafresnaye, 1837	CL	Fundo El Almendral	Región Metropolitana de Santiago	PRESENT	2	bf0d80b3-46da-4e60-b1cf-39f2320acb43									2019-12-27	27	12	2019	38XGD	38XGD	HUMAN_OBSERVATION	MMA:GEFMONT	GEFMONT:ALM:U	ALM:U3:M1_1		Sergio Alvarado;Francisco Santander		CC_BY_4_0		Sergio Alvarado		native	2026-07-18T20:27:21.070Z		OCCURRENCE_STATUS_INFERRED_FROM_INDIVIDUAL_COUNT
3359689670	ec377d02-c837-445a-9a35-d600adbf0ba0	MMA:GEFMONT:ALM:U10:M8_2	Animalia	Chordata	Aves	Galliformes	Odontophoridae	Callipepla	Callipepla californica		SPECIES	Callipepla californica (Shaw, 1798)	Callipepla californica	Shaw, 1798	CL	Fundo El Almendral	Región Metropolitana de Santiago	PRESENT	1	bf0d80b3-46da-4e60-b1cf-39f2320acb43									2020-10-01	1	10	2020	PSBS	PSBS	HUMAN_OBSERVATION	MMA:GEFMONT	GEFMONT:ALM:U	ALM:U10:M8_2		Sergio Alvarado;Francisco Santander		CC_BY_4_0		Sergio Alvarado		introduced	2026-07-18T20:27:21.070Z		OCCURRENCE_STATUS_INFERRED_FROM_INDIVIDUAL_COUNT
3359689669	ec377d02-c837-445a-9a35-d600adbf0ba0	MMA:GEFMONT:ALM:U10:M8_1	Animalia	Chordata	Aves	Passeriformes	Icteridae	Curaeus	Curaeus curaeus		SPECIES	Curaeus curaeus (Molina, 1782)	Curaeus curaeus	Molina, 1782	CL	Fundo El Almendral	Región Metropolitana de Santiago	PRESENT	1	bf0d80b3-46da-4e60-b1cf-39f2320acb43									2020-10-01	1	10	2020	32G3G	32G3G	HUMAN_OBSERVATION	MMA:GEFMONT	GEFMONT:ALM:U	ALM:U10:M8_1		Sergio Alvarado;Francisco Santander		CC_BY_4_0		Sergio Alvarado		native	2026-07-18T20:27:21.070Z		OCCURRENCE_STATUS_INFERRED_FROM_INDIVIDUAL_COUNT
3359689668	ec377d02-c837-445a-9a35-d600adbf0ba0	MMA:GEFMONT:ALM:N4:M7_1	Animalia	Chordata	Aves	Strigiformes	Strigidae	Glaucidium	Glaucidium nana		SPECIES	Glaucidium nana (P.P.King, 1827)	Glaucidium nana	King, 1828	CL	Fundo El Almendral	Región Metropolitana de Santiago	PRESENT	1	bf0d80b3-46da-4e60-b1cf-39f2320acb43									2020-08-28	28	8	2020	3G644	3G644	HUMAN_OBSERVATION	MMA:GEFMONT	GEFMONT:ALM:N	ALM:N4:M7_1		Sergio Alvarado;Francisco Santander		CC_BY_4_0		Sergio Alvarado		native	2026-07-18T20:27:21.070Z		OCCURRENCE_STATUS_INFERRED_FROM_INDIVIDUAL_COUNT
3359689667	ec377d02-c837-445a-9a35-d600adbf0ba0	MMA:GEFMONT:ALM:U2:M7_1	Animalia	Chordata	Aves	Passeriformes	Troglodytidae	Troglodytes	Troglodytes aedon		SPECIES	Troglodytes aedon Vieillot, 1809	Troglodytes aedon	Vieillot, 1809	CL	Fundo El Almendral	Región Metropolitana de Santiago	PRESENT	1	bf0d80b3-46da-4e60-b1cf-39f2320acb43									2020-08-28	28	8	2020	598SY	598SY	HUMAN_OBSERVATION	MMA:GEFMONT	GEFMONT:ALM:U	ALM:U2:M7_1		Sergio Alvarado;Francisco Santander		CC_BY_4_0		Sergio Alvarado		native	2026-07-18T20:27:21.069Z		OCCURRENCE_STATUS_INFERRED_FROM_INDIVIDUAL_COUNT
3359689666	ec377d02-c837-445a-9a35-d600adbf0ba0	MMA:GEFMONT:ALM:U2:M7_2	Animalia	Chordata	Aves	Passeriformes	Tyrannidae	Pyrope	Pyrope pyrope		SPECIES	Xolmis pyrope (Kittlitz, 1830)	Xolmis pyrope	Kittlitz, 1830	CL	Fundo El Almendral	Región Metropolitana de Santiago	PRESENT	1	bf0d80b3-46da-4e60-b1cf-39f2320acb43									2020-08-28	28	8	2020	5CGDR	CQY3W	HUMAN_OBSERVATION	MMA:GEFMONT	GEFMONT:ALM:U	ALM:U2:M7_2		Sergio Alvarado;Francisco Santander		CC_BY_4_0		Sergio Alvarado		native	2026-07-18T20:27:21.069Z		OCCURRENCE_STATUS_INFERRED_FROM_INDIVIDUAL_COUNT
3359689665	ec377d02-c837-445a-9a35-d600adbf0ba0	MMA:GEFMONT:ALM:U5:M3_4	Animalia	Chordata	Aves	Columbiformes	Columbidae	Columbina	Columbina picui		SPECIES	Columbina picui (Temminck, 1813)	Columbina picui	Temminck, 1813	CL	Fundo El Almendral	Región Metropolitana de Santiago	PRESENT	1	bf0d80b3-46da-4e60-b1cf-39f2320acb43									2020-02-29	29	2	2020	5ZPZZ	5ZPZZ	HUMAN_OBSERVATION	MMA:GEFMONT	GEFMONT:ALM:U	ALM:U5:M3_4		Sergio Alvarado;Francisco Santander		CC_BY_4_0		Sergio Alvarado		native	2026-07-18T20:27:21.069Z		OCCURRENCE_STATUS_INFERRED_FROM_INDIVIDUAL_COUNT
3359689664	ec377d02-c837-445a-9a35-d600adbf0ba0	MMA:GEFMONT:ALM:U5:M3_5	Animalia	Chordata	Aves	Passeriformes	Icteridae	Curaeus	Curaeus curaeus		SPECIES	Curaeus curaeus (Molina, 1782)	Curaeus curaeus	Molina, 1782	CL	Fundo El Almendral	Región Metropolitana de Santiago	PRESENT	1	bf0d80b3-46da-4e60-b1cf-39f2320acb43									2020-02-29	29	2	2020	32G3G	32G3G	HUMAN_OBSERVATION	MMA:GEFMONT	GEFMONT:ALM:U	ALM:U5:M3_5		Sergio Alvarado;Francisco Santander		CC_BY_4_0		Sergio Alvarado		native	2026-07-18T20:27:21.069Z		OCCURRENCE_STATUS_INFERRED_FROM_INDIVIDUAL_COUNT
3359689663	ec377d02-c837-445a-9a35-d600adbf0ba0	MMA:GEFMONT:ALM:U5:M3_2	Animalia	Chordata	Aves	Passeriformes	Icteridae	Leistes	Leistes loyca		SPECIES	Leistes loyca (Molina, 1782)	Leistes loyca	Molina, 1782	CL	Fundo El Almendral	Región Metropolitana de Santiago	PRESENT	1	bf0d80b3-46da-4e60-b1cf-39f2320acb43									2020-02-29	29	2	2020	DDCWV	DDCWV	HUMAN_OBSERVATION	MMA:GEFMONT	GEFMONT:ALM:U	ALM:U5:M3_2		Sergio Alvarado;Francisco Santander		CC_BY_4_0		Sergio Alvarado		native	2026-07-18T20:27:21.069Z		OCCURRENCE_STATUS_INFERRED_FROM_INDIVIDUAL_COUNT
3359689662	ec377d02-c837-445a-9a35-d600adbf0ba0	MMA:GEFMONT:ALM:U5:M3_3	Animalia	Chordata	Aves	Charadriiformes	Charadriidae	Vanellus	Vanellus chilensis		SPECIES	Vanellus chilensis (Molina, 1782)	Vanellus chilensis	Molina, 1782	CL	Fundo El Almendral	Región Metropolitana de Santiago	PRESENT	2	bf0d80b3-46da-4e60-b1cf-39f2320acb43									2020-02-29	29	2	2020	7FFJ9	7FFJ9	HUMAN_OBSERVATION	MMA:GEFMONT	GEFMONT:ALM:U	ALM:U5:M3_3		Sergio Alvarado;Francisco Santander		CC_BY_4_0		Sergio Alvarado		native	2026-07-18T20:27:21.068Z		OCCURRENCE_STATUS_INFERRED_FROM_INDIVIDUAL_COUNT
3359689661	ec377d02-c837-445a-9a35-d600adbf0ba0	MMA:GEFMONT:ALM:E2:M1_1	Animalia	Chordata	Aves	Accipitriformes	Accipitridae	Geranoaetus	Geranoaetus melanoleucus		SPECIES	Geranoaetus melanoleucus (Vieillot, 1819)	Geranoaetus melanoleucus	Vieillot, 1819	CL	Fundo El Almendral	Región Metropolitana de Santiago	PRESENT	1	bf0d80b3-46da-4e60-b1cf-39f2320acb43									2019-12-27	27	12	2019	3FVCC	3FVCC	HUMAN_OBSERVATION	MMA:GEFMONT	GEFMONT:ALM:E	ALM:E2:M1_1		Sergio Alvarado;Francisco Santander		CC_BY_4_0		Sergio Alvarado		native	2026-07-18T20:27:21.068Z		OCCURRENCE_STATUS_INFERRED_FROM_INDIVIDUAL_COUNT
3359689660	ec377d02-c837-445a-9a35-d600adbf0ba0	MMA:GEFMONT:ALM:U5:M3_1	Animalia	Chordata	Aves	Galliformes	Odontophoridae	Callipepla	Callipepla californica		SPECIES	Callipepla californica (Shaw, 1798)	Callipepla californica	Shaw, 1798	CL	Fundo El Almendral	Región Metropolitana de Santiago	PRESENT	2	bf0d80b3-46da-4e60-b1cf-39f2320acb43									2020-02-29	29	2	2020	PSBS	PSBS	HUMAN_OBSERVATION	MMA:GEFMONT	GEFMONT:ALM:U	ALM:U5:M3_1		Sergio Alvarado;Francisco Santander		CC_BY_4_0		Sergio Alvarado		introduced	2026-07-18T20:27:21.068Z		OCCURRENCE_STATUS_INFERRED_FROM_INDIVIDUAL_COUNT
3359689659	ec377d02-c837-445a-9a35-d600adbf0ba0	MMA:GEFMONT:ALM:E2:M1_2	Animalia	Chordata	Aves	Accipitriformes	Accipitridae	Parabuteo	Parabuteo unicinctus		SPECIES	Parabuteo unicinctus (Temminck, 1824)	Parabuteo unicinctus	Temminck, 1824	CL	Fundo El Almendral	Región Metropolitana de Santiago	PRESENT	1	bf0d80b3-46da-4e60-b1cf-39f2320acb43									2019-12-27	27	12	2019	4CN4R	4CN4R	HUMAN_OBSERVATION	MMA:GEFMONT	GEFMONT:ALM:E	ALM:E2:M1_2		Sergio Alvarado;Francisco Santander		CC_BY_4_0		Sergio Alvarado		native	2026-07-18T20:27:21.068Z		OCCURRENCE_STATUS_INFERRED_FROM_INDIVIDUAL_COUNT
3359689658	ec377d02-c837-445a-9a35-d600adbf0ba0	MMA:GEFMONT:ALM:U9:M8_3	Animalia	Chordata	Aves	Passeriformes	Turdidae	Turdus	Turdus falcklandii		SPECIES	Turdus falcklandii Quoy & Gaimard, 1824	Turdus falcklandii	Quoy & Gaimard, 1824	CL	Fundo El Almendral	Región Metropolitana de Santiago	PRESENT	2	bf0d80b3-46da-4e60-b1cf-39f2320acb43									2020-10-01	1	10	2020	7CZ7W	7CZ7W	HUMAN_OBSERVATION	MMA:GEFMONT	GEFMONT:ALM:U	ALM:U9:M8_3		Sergio Alvarado;Francisco Santander		CC_BY_4_0		Sergio Alvarado		native	2026-07-18T20:27:21.068Z		OCCURRENCE_STATUS_INFERRED_FROM_INDIVIDUAL_COUNT
3359689657	ec377d02-c837-445a-9a35-d600adbf0ba0	MMA:GEFMONT:ALM:U9:M8_1	Animalia	Chordata	Aves	Passeriformes	Troglodytidae	Troglodytes	Troglodytes aedon		SPECIES	Troglodytes aedon Vieillot, 1809	Troglodytes aedon	Vieillot, 1809	CL	Fundo El Almendral	Región Metropolitana de Santiago	PRESENT	1	bf0d80b3-46da-4e60-b1cf-39f2320acb43									2020-10-01	1	10	2020	598SY	598SY	HUMAN_OBSERVATION	MMA:GEFMONT	GEFMONT:ALM:U	ALM:U9:M8_1		Sergio Alvarado;Francisco Santander		CC_BY_4_0		Sergio Alvarado		native	2026-07-18T20:27:21.068Z		OCCURRENCE_STATUS_INFERRED_FROM_INDIVIDUAL_COUNT
3359689656	ec377d02-c837-445a-9a35-d600adbf0ba0	MMA:GEFMONT:ALM:U3:M4_1	Animalia	Chordata	Aves	Passeriformes	Troglodytidae	Troglodytes	Troglodytes aedon		SPECIES	Troglodytes aedon Vieillot, 1809	Troglodytes aedon	Vieillot, 1809	CL	Fundo El Almendral	Región Metropolitana de Santiago	PRESENT	2	bf0d80b3-46da-4e60-b1cf-39f2320acb43									2020-03-28	28	3	2020	598SY	598SY	HUMAN_OBSERVATION	MMA:GEFMONT	GEFMONT:ALM:U	ALM:U3:M4_1		Sergio Alvarado;Francisco Santander		CC_BY_4_0		Sergio Alvarado		native	2026-07-18T20:27:21.067Z		OCCURRENCE_STATUS_INFERRED_FROM_INDIVIDUAL_COUNT
3359689655	ec377d02-c837-445a-9a35-d600adbf0ba0	MMA:GEFMONT:ALM:U9:M8_2	Animalia	Chordata	Aves	Passeriformes	Tyrannidae	Elaenia	Elaenia albiceps		SPECIES	Elaenia albiceps (Orbigny & Lafresnaye, 1837)	Elaenia albiceps	d'Orbigny y Lafresnaye, 1837	CL	Fundo El Almendral	Región Metropolitana de Santiago	PRESENT	1	bf0d80b3-46da-4e60-b1cf-39f2320acb43									2020-10-01	1	10	2020	38XGD	38XGD	HUMAN_OBSERVATION	MMA:GEFMONT	GEFMONT:ALM:U	ALM:U9:M8_2		Sergio Alvarado;Francisco Santander		CC_BY_4_0		Sergio Alvarado		native	2026-07-18T20:27:21.067Z		OCCURRENCE_STATUS_INFERRED_FROM_INDIVIDUAL_COUNT
3359689654	ec377d02-c837-445a-9a35-d600adbf0ba0	MMA:GEFMONT:ALM:U3:M4_2	Animalia	Chordata	Aves	Piciformes	Picidae	Colaptes	Colaptes pitius		SPECIES	Colaptes pitius (Molina, 1782)	Colaptes pitius	Molina, 1782	CL	Fundo El Almendral	Región Metropolitana de Santiago	PRESENT	1	bf0d80b3-46da-4e60-b1cf-39f2320acb43									2020-03-28	28	3	2020	WX2S	WX2S	HUMAN_OBSERVATION	MMA:GEFMONT	GEFMONT:ALM:U	ALM:U3:M4_2		Sergio Alvarado;Francisco Santander		CC_BY_4_0		Sergio Alvarado		native	2026-07-18T20:27:21.067Z		OCCURRENCE_STATUS_INFERRED_FROM_INDIVIDUAL_COUNT
3359689653	ec377d02-c837-445a-9a35-d600adbf0ba0	MMA:GEFMONT:ALM:U3:M4_3	Animalia	Chordata	Aves	Columbiformes	Columbidae	Columbina	Columbina picui		SPECIES	Columbina picui (Temminck, 1813)	Columbina picui	Temminck, 1813	CL	Fundo El Almendral	Región Metropolitana de Santiago	PRESENT	1	bf0d80b3-46da-4e60-b1cf-39f2320acb43									2020-03-28	28	3	2020	5ZPZZ	5ZPZZ	HUMAN_OBSERVATION	MMA:GEFMONT	GEFMONT:ALM:U	ALM:U3:M4_3		Sergio Alvarado;Francisco Santander		CC_BY_4_0		Sergio Alvarado		native	2026-07-18T20:27:21.067Z		OCCURRENCE_STATUS_INFERRED_FROM_INDIVIDUAL_COUNT
3359689652	ec377d02-c837-445a-9a35-d600adbf0ba0	MMA:GEFMONT:ALM:U3:M4_4	Animalia	Chordata	Aves	Passeriformes	Icteridae	Curaeus	Curaeus curaeus		SPECIES	Curaeus curaeus (Molina, 1782)	Curaeus curaeus	Molina, 1782	CL	Fundo El Almendral	Región Metropolitana de Santiago	PRESENT	1	bf0d80b3-46da-4e60-b1cf-39f2320acb43									2020-03-28	28	3	2020	32G3G	32G3G	HUMAN_OBSERVATION	MMA:GEFMONT	GEFMONT:ALM:U	ALM:U3:M4_4		Sergio Alvarado;Francisco Santander		CC_BY_4_0		Sergio Alvarado		native	2026-07-18T20:27:21.067Z		OCCURRENCE_STATUS_INFERRED_FROM_INDIVIDUAL_COUNT
3359689651	ec377d02-c837-445a-9a35-d600adbf0ba0	MMA:GEFMONT:ALM:E1:M4_2	Animalia	Chordata	Aves	Passeriformes	Fringillidae	Spinus	Spinus barbatus		SPECIES	Spinus barbatus (Molina, 1782)	Spinus barbatus	Molina, 1782	CL	Fundo El Almendral	Región Metropolitana de Santiago	PRESENT	1	bf0d80b3-46da-4e60-b1cf-39f2320acb43									2020-03-28	28	3	2020	4Z65L	4Z65L	HUMAN_OBSERVATION	MMA:GEFMONT	GEFMONT:ALM:E	ALM:E1:M4_2		Sergio Alvarado;Francisco Santander		CC_BY_4_0		Sergio Alvarado		native	2026-07-18T20:27:21.067Z		OCCURRENCE_STATUS_INFERRED_FROM_INDIVIDUAL_COUNT
3359689650	ec377d02-c837-445a-9a35-d600adbf0ba0	MMA:GEFMONT:ALM:E1:M4_1	Animalia	Chordata	Aves	Passeriformes	Fringillidae	Spinus	Spinus barbatus		SPECIES	Spinus barbatus (Molina, 1782)	Spinus barbatus	Molina, 1782	CL	Fundo El Almendral	Región Metropolitana de Santiago	PRESENT	1	bf0d80b3-46da-4e60-b1cf-39f2320acb43									2020-03-28	28	3	2020	4Z65L	4Z65L	HUMAN_OBSERVATION	MMA:GEFMONT	GEFMONT:ALM:E	ALM:E1:M4_1		Sergio Alvarado;Francisco Santander		CC_BY_4_0		Sergio Alvarado		native	2026-07-18T20:27:21.066Z		OCCURRENCE_STATUS_INFERRED_FROM_INDIVIDUAL_COUNT
3359689649	ec377d02-c837-445a-9a35-d600adbf0ba0	MMA:GEFMONT:ALM:E1:M4_4	Animalia	Chordata	Aves	Falconiformes	Falconidae	Milvago	Milvago chimango		SPECIES	Milvago chimango (Vieillot, 1816)	Milvago chimango	Vieillot, 1816	CL	Fundo El Almendral	Región Metropolitana de Santiago	PRESENT	1	bf0d80b3-46da-4e60-b1cf-39f2320acb43									2020-03-28	28	3	2020	43DZ9	43DZ9	HUMAN_OBSERVATION	MMA:GEFMONT	GEFMONT:ALM:E	ALM:E1:M4_4		Sergio Alvarado;Francisco Santander		CC_BY_4_0		Sergio Alvarado		native	2026-07-18T20:27:21.066Z		OCCURRENCE_STATUS_INFERRED_FROM_INDIVIDUAL_COUNT
3359689648	ec377d02-c837-445a-9a35-d600adbf0ba0	MMA:GEFMONT:ALM:E1:M4_3	Animalia	Chordata	Aves	Accipitriformes	Accipitridae	Geranoaetus	Geranoaetus melanoleucus		SPECIES	Geranoaetus melanoleucus (Vieillot, 1819)	Geranoaetus melanoleucus	Vieillot, 1819	CL	Fundo El Almendral	Región Metropolitana de Santiago	PRESENT	2	bf0d80b3-46da-4e60-b1cf-39f2320acb43									2020-03-28	28	3	2020	3FVCC	3FVCC	HUMAN_OBSERVATION	MMA:GEFMONT	GEFMONT:ALM:E	ALM:E1:M4_3		Sergio Alvarado;Francisco Santander		CC_BY_4_0		Sergio Alvarado		native	2026-07-18T20:27:21.066Z		OCCURRENCE_STATUS_INFERRED_FROM_INDIVIDUAL_COUNT
3359689647	ec377d02-c837-445a-9a35-d600adbf0ba0	MMA:GEFMONT:ALM:E6:M7_4	Animalia	Chordata	Aves	Accipitriformes	Accipitridae	Parabuteo	Parabuteo unicinctus		SPECIES	Parabuteo unicinctus (Temminck, 1824)	Parabuteo unicinctus	Temminck, 1824	CL	Fundo El Almendral	Región Metropolitana de Santiago	PRESENT	1	bf0d80b3-46da-4e60-b1cf-39f2320acb43									2020-08-28	28	8	2020	4CN4R	4CN4R	HUMAN_OBSERVATION	MMA:GEFMONT	GEFMONT:ALM:E	ALM:E6:M7_4		Sergio Alvarado;Francisco Santander		CC_BY_4_0		Sergio Alvarado		native	2026-07-18T20:27:21.066Z		OCCURRENCE_STATUS_INFERRED_FROM_INDIVIDUAL_COUNT
3359689646	ec377d02-c837-445a-9a35-d600adbf0ba0	MMA:GEFMONT:ALM:E6:M7_3	Animalia	Chordata	Aves	Accipitriformes	Accipitridae	Geranoaetus	Geranoaetus melanoleucus		SPECIES	Geranoaetus melanoleucus (Vieillot, 1819)	Geranoaetus melanoleucus	Vieillot, 1819	CL	Fundo El Almendral	Región Metropolitana de Santiago	PRESENT	2	bf0d80b3-46da-4e60-b1cf-39f2320acb43									2020-08-28	28	8	2020	3FVCC	3FVCC	HUMAN_OBSERVATION	MMA:GEFMONT	GEFMONT:ALM:E	ALM:E6:M7_3		Sergio Alvarado;Francisco Santander		CC_BY_4_0		Sergio Alvarado		native	2026-07-18T20:27:21.065Z		OCCURRENCE_STATUS_INFERRED_FROM_INDIVIDUAL_COUNT
3359689645	ec377d02-c837-445a-9a35-d600adbf0ba0	MMA:GEFMONT:ALM:E3:M6_2	Animalia	Chordata	Aves	Accipitriformes	Accipitridae	Parabuteo	Parabuteo unicinctus		SPECIES	Parabuteo unicinctus (Temminck, 1824)	Parabuteo unicinctus	Temminck, 1824	CL	Fundo El Almendral	Región Metropolitana de Santiago	PRESENT	2	bf0d80b3-46da-4e60-b1cf-39f2320acb43									2020-06-01	1	6	2020	4CN4R	4CN4R	HUMAN_OBSERVATION	MMA:GEFMONT	GEFMONT:ALM:E	ALM:E3:M6_2		Sergio Alvarado;Francisco Santander		CC_BY_4_0		Sergio Alvarado		native	2026-07-18T20:27:21.065Z		OCCURRENCE_STATUS_INFERRED_FROM_INDIVIDUAL_COUNT
3359689644	ec377d02-c837-445a-9a35-d600adbf0ba0	MMA:GEFMONT:ALM:E6:M7_2	Animalia	Chordata	Aves	Columbiformes	Columbidae	Zenaida	Zenaida auriculata		SPECIES	Zenaida auriculata (Des Murs, 1847)	Zenaida auriculata	Des Murs, 1847	CL	Fundo El Almendral	Región Metropolitana de Santiago	PRESENT	1	bf0d80b3-46da-4e60-b1cf-39f2320acb43									2020-08-28	28	8	2020	5D2BV	5D2BV	HUMAN_OBSERVATION	MMA:GEFMONT	GEFMONT:ALM:E	ALM:E6:M7_2		Sergio Alvarado;Francisco Santander		CC_BY_4_0		Sergio Alvarado		native	2026-07-18T20:27:21.065Z		OCCURRENCE_STATUS_INFERRED_FROM_INDIVIDUAL_COUNT
3359689643	ec377d02-c837-445a-9a35-d600adbf0ba0	MMA:GEFMONT:ALM:E3:M6_1	Animalia	Chordata	Aves	Columbiformes	Columbidae	Patagioenas	Patagioenas araucana		SPECIES	Patagioenas araucana (R.Lesson & Garnot, 1827)	Patagioenas araucana	Temmink, 1813	CL	Fundo El Almendral	Región Metropolitana de Santiago	PRESENT	1	bf0d80b3-46da-4e60-b1cf-39f2320acb43									2020-06-01	1	6	2020	4DZDP	4DZDP	HUMAN_OBSERVATION	MMA:GEFMONT	GEFMONT:ALM:E	ALM:E3:M6_1		Sergio Alvarado;Francisco Santander		CC_BY_4_0		Sergio Alvarado		native	2026-07-18T20:27:21.064Z		OCCURRENCE_STATUS_INFERRED_FROM_INDIVIDUAL_COUNT
3359689642	ec377d02-c837-445a-9a35-d600adbf0ba0	MMA:GEFMONT:ALM:E6:M7_1	Animalia	Chordata	Aves	Columbiformes	Columbidae	Zenaida	Zenaida auriculata		SPECIES	Zenaida auriculata (Des Murs, 1847)	Zenaida auriculata	Des Murs, 1847	CL	Fundo El Almendral	Región Metropolitana de Santiago	PRESENT	1	bf0d80b3-46da-4e60-b1cf-39f2320acb43									2020-08-28	28	8	2020	5D2BV	5D2BV	HUMAN_OBSERVATION	MMA:GEFMONT	GEFMONT:ALM:E	ALM:E6:M7_1		Sergio Alvarado;Francisco Santander		CC_BY_4_0		Sergio Alvarado		native	2026-07-18T20:27:21.064Z		OCCURRENCE_STATUS_INFERRED_FROM_INDIVIDUAL_COUNT
3359689641	ec377d02-c837-445a-9a35-d600adbf0ba0	MMA:GEFMONT:ALM:U10:M7_3	Animalia	Chordata	Aves	Passeriformes	Furnariidae	Leptasthenura	Leptasthenura aegithaloides		SPECIES	Leptasthenura aegithaloides (Kittlitz, 1830)	Leptasthenura aegithaloides	Kittlitz, 1830	CL	Fundo El Almendral	Región Metropolitana de Santiago	PRESENT	1	bf0d80b3-46da-4e60-b1cf-39f2320acb43									2020-08-28	28	8	2020	3THYS	3THYS	HUMAN_OBSERVATION	MMA:GEFMONT	GEFMONT:ALM:U	ALM:U10:M7_3		Sergio Alvarado;Francisco Santander		CC_BY_4_0		Sergio Alvarado		native	2026-07-18T20:27:20.935Z		OCCURRENCE_STATUS_INFERRED_FROM_INDIVIDUAL_COUNT
3359689640	ec377d02-c837-445a-9a35-d600adbf0ba0	MMA:GEFMONT:ALM:U10:M7_2	Animalia	Chordata	Aves	Charadriiformes	Charadriidae	Vanellus	Vanellus chilensis		SPECIES	Vanellus chilensis (Molina, 1782)	Vanellus chilensis	Molina, 1782	CL	Fundo El Almendral	Región Metropolitana de Santiago	PRESENT	2	bf0d80b3-46da-4e60-b1cf-39f2320acb43									2020-08-28	28	8	2020	7FFJ9	7FFJ9	HUMAN_OBSERVATION	MMA:GEFMONT	GEFMONT:ALM:U	ALM:U10:M7_2		Sergio Alvarado;Francisco Santander		CC_BY_4_0		Sergio Alvarado		native	2026-07-18T20:27:20.935Z		OCCURRENCE_STATUS_INFERRED_FROM_INDIVIDUAL_COUNT
3359689639	ec377d02-c837-445a-9a35-d600adbf0ba0	MMA:GEFMONT:ALM:U10:M7_1	Animalia	Chordata	Aves	Passeriformes	Icteridae	Curaeus	Curaeus curaeus		SPECIES	Curaeus curaeus (Molina, 1782)	Curaeus curaeus	Molina, 1782	CL	Fundo El Almendral	Región Metropolitana de Santiago	PRESENT	2	bf0d80b3-46da-4e60-b1cf-39f2320acb43									2020-08-28	28	8	2020	32G3G	32G3G	HUMAN_OBSERVATION	MMA:GEFMONT	GEFMONT:ALM:U	ALM:U10:M7_1		Sergio Alvarado;Francisco Santander		CC_BY_4_0		Sergio Alvarado		native	2026-07-18T20:27:20.934Z		OCCURRENCE_STATUS_INFERRED_FROM_INDIVIDUAL_COUNT
3359689638	ec377d02-c837-445a-9a35-d600adbf0ba0	MMA:GEFMONT:ALM:N2:M7_2	Animalia	Chordata	Aves	Strigiformes	Tytonidae	Tyto	Tyto alba		SPECIES	Tyto alba (Scopoli, 1769)	Tyto alba	Scopoli, 1769	CL	Fundo El Almendral	Región Metropolitana de Santiago	PRESENT	1	bf0d80b3-46da-4e60-b1cf-39f2320acb43									2020-08-28	28	8	2020	59ZVQ	59ZVQ	HUMAN_OBSERVATION	MMA:GEFMONT	GEFMONT:ALM:N	ALM:N2:M7_2		Sergio Alvarado;Francisco Santander		CC_BY_4_0		Sergio Alvarado		native	2026-07-18T20:27:20.934Z		OCCURRENCE_STATUS_INFERRED_FROM_INDIVIDUAL_COUNT
3359689637	ec377d02-c837-445a-9a35-d600adbf0ba0	MMA:GEFMONT:ALM:U2:M7_3	Animalia	Chordata	Aves	Apodiformes	Trochilidae	Sephanoides	Sephanoides sephaniodes		SPECIES	Sephanoides sephanoides (R.Lesson & Garnot, 1827)	Sephanoides sephanoides	Lesson, 1827	CL	Fundo El Almendral	Región Metropolitana de Santiago	PRESENT	1	bf0d80b3-46da-4e60-b1cf-39f2320acb43									2020-08-28	28	8	2020	8J6ZQ	8J6ZP	HUMAN_OBSERVATION	MMA:GEFMONT	GEFMONT:ALM:U	ALM:U2:M7_3		Sergio Alvarado;Francisco Santander		CC_BY_4_0		Sergio Alvarado		native	2026-07-18T20:27:20.934Z		OCCURRENCE_STATUS_INFERRED_FROM_INDIVIDUAL_COUNT
3359689636	ec377d02-c837-445a-9a35-d600adbf0ba0	MMA:GEFMONT:ALM:U2:M7_4	Animalia	Chordata	Aves	Piciformes	Picidae	Colaptes	Colaptes pitius		SPECIES	Colaptes pitius (Molina, 1782)	Colaptes pitius	Molina, 1782	CL	Fundo El Almendral	Región Metropolitana de Santiago	PRESENT	2	bf0d80b3-46da-4e60-b1cf-39f2320acb43									2020-08-28	28	8	2020	WX2S	WX2S	HUMAN_OBSERVATION	MMA:GEFMONT	GEFMONT:ALM:U	ALM:U2:M7_4		Sergio Alvarado;Francisco Santander		CC_BY_4_0		Sergio Alvarado		native	2026-07-18T20:27:20.934Z		OCCURRENCE_STATUS_INFERRED_FROM_INDIVIDUAL_COUNT
3359689635	ec377d02-c837-445a-9a35-d600adbf0ba0	MMA:GEFMONT:ALM:U2:M7_5	Animalia	Chordata	Aves	Columbiformes	Columbidae	Patagioenas	Patagioenas araucana		SPECIES	Patagioenas araucana (R.Lesson & Garnot, 1827)	Patagioenas araucana	Temmink, 1813	CL	Fundo El Almendral	Región Metropolitana de Santiago	PRESENT	2	bf0d80b3-46da-4e60-b1cf-39f2320acb43									2020-08-28	28	8	2020	4DZDP	4DZDP	HUMAN_OBSERVATION	MMA:GEFMONT	GEFMONT:ALM:U	ALM:U2:M7_5		Sergio Alvarado;Francisco Santander		CC_BY_4_0		Sergio Alvarado		native	2026-07-18T20:27:20.934Z		OCCURRENCE_STATUS_INFERRED_FROM_INDIVIDUAL_COUNT
3359689634	ec377d02-c837-445a-9a35-d600adbf0ba0	MMA:GEFMONT:ALM:N2:M7_1	Animalia	Chordata	Aves	Strigiformes	Strigidae	Glaucidium	Glaucidium nana		SPECIES	Glaucidium nana (P.P.King, 1827)	Glaucidium nana	King, 1828	CL	Fundo El Almendral	Región Metropolitana de Santiago	PRESENT	1	bf0d80b3-46da-4e60-b1cf-39f2320acb43									2020-08-28	28	8	2020	3G644	3G644	HUMAN_OBSERVATION	MMA:GEFMONT	GEFMONT:ALM:N	ALM:N2:M7_1		Sergio Alvarado;Francisco Santander		CC_BY_4_0		Sergio Alvarado		native	2026-07-18T20:27:20.933Z		OCCURRENCE_STATUS_INFERRED_FROM_INDIVIDUAL_COUNT
3359689633	ec377d02-c837-445a-9a35-d600adbf0ba0	MMA:GEFMONT:ALM:U2:M8_1	Animalia	Chordata	Aves	Passeriformes	Icteridae	Curaeus	Curaeus curaeus		SPECIES	Curaeus curaeus (Molina, 1782)	Curaeus curaeus	Molina, 1782	CL	Fundo El Almendral	Región Metropolitana de Santiago	PRESENT	2	bf0d80b3-46da-4e60-b1cf-39f2320acb43									2020-10-01	1	10	2020	32G3G	32G3G	HUMAN_OBSERVATION	MMA:GEFMONT	GEFMONT:ALM:U	ALM:U2:M8_1		Sergio Alvarado;Francisco Santander		CC_BY_4_0		Sergio Alvarado		native	2026-07-18T20:27:20.933Z		OCCURRENCE_STATUS_INFERRED_FROM_INDIVIDUAL_COUNT
3359689632	ec377d02-c837-445a-9a35-d600adbf0ba0	MMA:GEFMONT:ALM:U5:M2_3	Animalia	Chordata	Aves	Passeriformes	Turdidae	Turdus	Turdus falcklandii		SPECIES	Turdus falcklandii Quoy & Gaimard, 1824	Turdus falcklandii	Quoy & Gaimard, 1824	CL	Fundo El Almendral	Región Metropolitana de Santiago	PRESENT	3	bf0d80b3-46da-4e60-b1cf-39f2320acb43									2020-01-25	25	1	2020	7CZ7W	7CZ7W	HUMAN_OBSERVATION	MMA:GEFMONT	GEFMONT:ALM:U	ALM:U5:M2_3		Sergio Alvarado;Francisco Santander		CC_BY_4_0		Sergio Alvarado		native	2026-07-18T20:27:20.933Z		OCCURRENCE_STATUS_INFERRED_FROM_INDIVIDUAL_COUNT
3359689631	ec377d02-c837-445a-9a35-d600adbf0ba0	MMA:GEFMONT:ALM:U5:M2_1	Animalia	Chordata	Aves	Galliformes	Odontophoridae	Callipepla	Callipepla californica		SPECIES	Callipepla californica (Shaw, 1798)	Callipepla californica	Shaw, 1798	CL	Fundo El Almendral	Región Metropolitana de Santiago	PRESENT	1	bf0d80b3-46da-4e60-b1cf-39f2320acb43									2020-01-25	25	1	2020	PSBS	PSBS	HUMAN_OBSERVATION	MMA:GEFMONT	GEFMONT:ALM:U	ALM:U5:M2_1		Sergio Alvarado;Francisco Santander		CC_BY_4_0		Sergio Alvarado		introduced	2026-07-18T20:27:20.933Z		OCCURRENCE_STATUS_INFERRED_FROM_INDIVIDUAL_COUNT
3359689630	ec377d02-c837-445a-9a35-d600adbf0ba0	MMA:GEFMONT:ALM:U5:M2_2	Animalia	Chordata	Aves	Columbiformes	Columbidae	Zenaida	Zenaida auriculata		SPECIES	Zenaida auriculata (Des Murs, 1847)	Zenaida auriculata	Des Murs, 1847	CL	Fundo El Almendral	Región Metropolitana de Santiago	PRESENT	1	bf0d80b3-46da-4e60-b1cf-39f2320acb43									2020-01-25	25	1	2020	5D2BV	5D2BV	HUMAN_OBSERVATION	MMA:GEFMONT	GEFMONT:ALM:U	ALM:U5:M2_2		Sergio Alvarado;Francisco Santander		CC_BY_4_0		Sergio Alvarado		native	2026-07-18T20:27:20.933Z		OCCURRENCE_STATUS_INFERRED_FROM_INDIVIDUAL_COUNT
3359689629	ec377d02-c837-445a-9a35-d600adbf0ba0	MMA:GEFMONT:ALM:U3:M3_1	Animalia	Chordata	Aves	Passeriformes	Troglodytidae	Troglodytes	Troglodytes aedon		SPECIES	Troglodytes aedon Vieillot, 1809	Troglodytes aedon	Vieillot, 1809	CL	Fundo El Almendral	Región Metropolitana de Santiago	PRESENT	1	bf0d80b3-46da-4e60-b1cf-39f2320acb43									2020-02-29	29	2	2020	598SY	598SY	HUMAN_OBSERVATION	MMA:GEFMONT	GEFMONT:ALM:U	ALM:U3:M3_1		Sergio Alvarado;Francisco Santander		CC_BY_4_0		Sergio Alvarado		native	2026-07-18T20:27:20.932Z		OCCURRENCE_STATUS_INFERRED_FROM_INDIVIDUAL_COUNT
3359689628	ec377d02-c837-445a-9a35-d600adbf0ba0	MMA:GEFMONT:ALM:U3:M3_2	Animalia	Chordata	Aves	Apodiformes	Trochilidae	Sephanoides	Sephanoides sephaniodes		SPECIES	Sephanoides sephanoides (R.Lesson & Garnot, 1827)	Sephanoides sephanoides	Lesson, 1827	CL	Fundo El Almendral	Región Metropolitana de Santiago	PRESENT	1	bf0d80b3-46da-4e60-b1cf-39f2320acb43									2020-02-29	29	2	2020	8J6ZQ	8J6ZP	HUMAN_OBSERVATION	MMA:GEFMONT	GEFMONT:ALM:U	ALM:U3:M3_2		Sergio Alvarado;Francisco Santander		CC_BY_4_0		Sergio Alvarado		native	2026-07-18T20:27:20.932Z		OCCURRENCE_STATUS_INFERRED_FROM_INDIVIDUAL_COUNT
3359689627	ec377d02-c837-445a-9a35-d600adbf0ba0	MMA:GEFMONT:ALM:U3:M3_3	Animalia	Chordata	Aves	Columbiformes	Columbidae	Columbina	Columbina picui		SPECIES	Columbina picui (Temminck, 1813)	Columbina picui	Temminck, 1813	CL	Fundo El Almendral	Región Metropolitana de Santiago	PRESENT	1	bf0d80b3-46da-4e60-b1cf-39f2320acb43									2020-02-29	29	2	2020	5ZPZZ	5ZPZZ	HUMAN_OBSERVATION	MMA:GEFMONT	GEFMONT:ALM:U	ALM:U3:M3_3		Sergio Alvarado;Francisco Santander		CC_BY_4_0		Sergio Alvarado		native	2026-07-18T20:27:20.932Z		OCCURRENCE_STATUS_INFERRED_FROM_INDIVIDUAL_COUNT
3359689626	ec377d02-c837-445a-9a35-d600adbf0ba0	MMA:GEFMONT:ALM:U10:M6_8	Animalia	Chordata	Aves	Passeriformes	Turdidae	Turdus	Turdus falcklandii		SPECIES	Turdus falcklandii Quoy & Gaimard, 1824	Turdus falcklandii	Quoy & Gaimard, 1824	CL	Fundo El Almendral	Región Metropolitana de Santiago	PRESENT	3	bf0d80b3-46da-4e60-b1cf-39f2320acb43									2020-06-01	1	6	2020	7CZ7W	7CZ7W	HUMAN_OBSERVATION	MMA:GEFMONT	GEFMONT:ALM:U	ALM:U10:M6_8		Sergio Alvarado;Francisco Santander		CC_BY_4_0		Sergio Alvarado		native	2026-07-18T20:27:20.932Z		OCCURRENCE_STATUS_INFERRED_FROM_INDIVIDUAL_COUNT
3359689625	ec377d02-c837-445a-9a35-d600adbf0ba0	MMA:GEFMONT:ALM:U10:M6_7	Animalia	Chordata	Aves	Charadriiformes	Charadriidae	Vanellus	Vanellus chilensis		SPECIES	Vanellus chilensis (Molina, 1782)	Vanellus chilensis	Molina, 1782	CL	Fundo El Almendral	Región Metropolitana de Santiago	PRESENT	2	bf0d80b3-46da-4e60-b1cf-39f2320acb43									2020-06-01	1	6	2020	7FFJ9	7FFJ9	HUMAN_OBSERVATION	MMA:GEFMONT	GEFMONT:ALM:U	ALM:U10:M6_7		Sergio Alvarado;Francisco Santander		CC_BY_4_0		Sergio Alvarado		native	2026-07-18T20:27:20.932Z		OCCURRENCE_STATUS_INFERRED_FROM_INDIVIDUAL_COUNT
3359689624	ec377d02-c837-445a-9a35-d600adbf0ba0	MMA:GEFMONT:ALM:U10:M6_6	Animalia	Chordata	Aves	Apodiformes	Trochilidae	Sephanoides	Sephanoides sephaniodes		SPECIES	Sephanoides sephanoides (R.Lesson & Garnot, 1827)	Sephanoides sephanoides	Lesson, 1827	CL	Fundo El Almendral	Región Metropolitana de Santiago	PRESENT	1	bf0d80b3-46da-4e60-b1cf-39f2320acb43									2020-06-01	1	6	2020	8J6ZQ	8J6ZP	HUMAN_OBSERVATION	MMA:GEFMONT	GEFMONT:ALM:U	ALM:U10:M6_6		Sergio Alvarado;Francisco Santander		CC_BY_4_0		Sergio Alvarado		native	2026-07-18T20:27:20.931Z		OCCURRENCE_STATUS_INFERRED_FROM_INDIVIDUAL_COUNT
3359689623	ec377d02-c837-445a-9a35-d600adbf0ba0	MMA:GEFMONT:ALM:U10:M6_5	Animalia	Chordata	Aves	Columbiformes	Columbidae	Columba	Columba livia		SPECIES	Columba livia J.F.Gmelin, 1789	Columba livia	Gmelin, 1789	CL	Fundo El Almendral	Región Metropolitana de Santiago	PRESENT	7	bf0d80b3-46da-4e60-b1cf-39f2320acb43									2020-06-01	1	6	2020	XBFW	XBFW	HUMAN_OBSERVATION	MMA:GEFMONT	GEFMONT:ALM:U	ALM:U10:M6_5		Sergio Alvarado;Francisco Santander		CC_BY_4_0		Sergio Alvarado		introduced	2026-07-18T20:27:20.931Z		OCCURRENCE_STATUS_INFERRED_FROM_INDIVIDUAL_COUNT
3359689622	ec377d02-c837-445a-9a35-d600adbf0ba0	MMA:GEFMONT:ALM:E1:M5_1	Animalia	Chordata	Aves	Piciformes	Picidae	Colaptes	Colaptes pitius		SPECIES	Colaptes pitius (Molina, 1782)	Colaptes pitius	Molina, 1782	CL	Fundo El Almendral	Región Metropolitana de Santiago	PRESENT	1	bf0d80b3-46da-4e60-b1cf-39f2320acb43									2020-05-01	1	5	2020	WX2S	WX2S	HUMAN_OBSERVATION	MMA:GEFMONT	GEFMONT:ALM:E	ALM:E1:M5_1		Sergio Alvarado;Francisco Santander		CC_BY_4_0		Sergio Alvarado		native	2026-07-18T20:27:20.931Z		OCCURRENCE_STATUS_INFERRED_FROM_INDIVIDUAL_COUNT
3359689621	ec377d02-c837-445a-9a35-d600adbf0ba0	MMA:GEFMONT:ALM:E1:M5_2	Animalia	Chordata	Aves	Accipitriformes	Accipitridae	Geranoaetus	Geranoaetus melanoleucus		SPECIES	Geranoaetus melanoleucus (Vieillot, 1819)	Geranoaetus melanoleucus	Vieillot, 1819	CL	Fundo El Almendral	Región Metropolitana de Santiago	PRESENT	2	bf0d80b3-46da-4e60-b1cf-39f2320acb43									2020-05-01	1	5	2020	3FVCC	3FVCC	HUMAN_OBSERVATION	MMA:GEFMONT	GEFMONT:ALM:E	ALM:E1:M5_2		Sergio Alvarado;Francisco Santander		CC_BY_4_0		Sergio Alvarado		native	2026-07-18T20:27:20.931Z		OCCURRENCE_STATUS_INFERRED_FROM_INDIVIDUAL_COUNT
3359689620	ec377d02-c837-445a-9a35-d600adbf0ba0	MMA:GEFMONT:ALM:E3:M5_1	Animalia	Chordata	Aves	Piciformes	Picidae	Colaptes	Colaptes pitius		SPECIES	Colaptes pitius (Molina, 1782)	Colaptes pitius	Molina, 1782	CL	Fundo El Almendral	Región Metropolitana de Santiago	PRESENT	1	bf0d80b3-46da-4e60-b1cf-39f2320acb43									2020-05-01	1	5	2020	WX2S	WX2S	HUMAN_OBSERVATION	MMA:GEFMONT	GEFMONT:ALM:E	ALM:E3:M5_1		Sergio Alvarado;Francisco Santander		CC_BY_4_0		Sergio Alvarado		native	2026-07-18T20:27:20.931Z		OCCURRENCE_STATUS_INFERRED_FROM_INDIVIDUAL_COUNT
3359689619	ec377d02-c837-445a-9a35-d600adbf0ba0	MMA:GEFMONT:ALM:E6:M8_3	Animalia	Chordata	Aves	Passeriformes	Thraupidae	Rhopospina	Rhopospina fruticeti		SPECIES	Phrygilus fruticeti (Kittlitz, 1833)	Phrygilus fruticeti	Kittlitz, 1832	CL	Fundo El Almendral	Región Metropolitana de Santiago	PRESENT	12	bf0d80b3-46da-4e60-b1cf-39f2320acb43									2020-10-01	1	10	2020	4GVP4	9G88W	HUMAN_OBSERVATION	MMA:GEFMONT	GEFMONT:ALM:E	ALM:E6:M8_3		Sergio Alvarado;Francisco Santander		CC_BY_4_0		Sergio Alvarado		native	2026-07-18T20:27:20.930Z		OCCURRENCE_STATUS_INFERRED_FROM_INDIVIDUAL_COUNT
3359689618	ec377d02-c837-445a-9a35-d600adbf0ba0	MMA:GEFMONT:ALM:E6:M8_2	Animalia	Chordata	Aves	Falconiformes	Falconidae	Falco	Falco sparverius		SPECIES	Falco sparverius Linnaeus, 1758	Falco sparverius	Linnaeus, 1758	CL	Fundo El Almendral	Región Metropolitana de Santiago	PRESENT	1	bf0d80b3-46da-4e60-b1cf-39f2320acb43									2020-10-01	1	10	2020	3DTGT	3DTGT	HUMAN_OBSERVATION	MMA:GEFMONT	GEFMONT:ALM:E	ALM:E6:M8_2		Sergio Alvarado;Francisco Santander		CC_BY_4_0		Sergio Alvarado		native	2026-07-18T20:27:20.930Z		OCCURRENCE_STATUS_INFERRED_FROM_INDIVIDUAL_COUNT
3359689617	ec377d02-c837-445a-9a35-d600adbf0ba0	MMA:GEFMONT:ALM:E6:M8_4	Animalia	Chordata	Aves	Accipitriformes	Cathartidae	Vultur	Vultur gryphus		SPECIES	Vultur gryphus Linnaeus, 1758	Vultur gryphus	Linnaeus, 1758	CL	Fundo El Almendral	Región Metropolitana de Santiago	PRESENT	2	bf0d80b3-46da-4e60-b1cf-39f2320acb43									2020-10-01	1	10	2020	5BSLM	5BSLM	HUMAN_OBSERVATION	MMA:GEFMONT	GEFMONT:ALM:E	ALM:E6:M8_4		Sergio Alvarado;Francisco Santander		CC_BY_4_0		Sergio Alvarado		native	2026-07-18T20:27:20.930Z		OCCURRENCE_STATUS_INFERRED_FROM_INDIVIDUAL_COUNT
3359689616	ec377d02-c837-445a-9a35-d600adbf0ba0	MMA:GEFMONT:ALM:E6:M8_1	Animalia	Chordata	Aves	Passeriformes	Tyrannidae	Colorhamphus	Colorhamphus parvirostris		SPECIES	Colorhamphus parvirostris (Gould, Gray & GR, 1839)	Colorhamphus parvirostris	Gould, 1839	CL	Fundo El Almendral	Región Metropolitana de Santiago	PRESENT	1	bf0d80b3-46da-4e60-b1cf-39f2320acb43									2020-10-01	1	10	2020	CQ6ND	CQ6ND	HUMAN_OBSERVATION	MMA:GEFMONT	GEFMONT:ALM:E	ALM:E6:M8_1		Sergio Alvarado;Francisco Santander		CC_BY_4_0		Sergio Alvarado		native	2026-07-18T20:27:20.930Z		OCCURRENCE_STATUS_INFERRED_FROM_INDIVIDUAL_COUNT
3359689615	ec377d02-c837-445a-9a35-d600adbf0ba0	MMA:GEFMONT:ALM:E3:M5_2	Animalia	Chordata	Aves	Accipitriformes	Cathartidae	Vultur	Vultur gryphus		SPECIES	Vultur gryphus Linnaeus, 1758	Vultur gryphus	Linnaeus, 1758	CL	Fundo El Almendral	Región Metropolitana de Santiago	PRESENT	1	bf0d80b3-46da-4e60-b1cf-39f2320acb43									2020-05-01	1	5	2020	5BSLM	5BSLM	HUMAN_OBSERVATION	MMA:GEFMONT	GEFMONT:ALM:E	ALM:E3:M5_2		Sergio Alvarado;Francisco Santander		CC_BY_4_0		Sergio Alvarado		native	2026-07-18T20:27:20.930Z		OCCURRENCE_STATUS_INFERRED_FROM_INDIVIDUAL_COUNT
3359689614	ec377d02-c837-445a-9a35-d600adbf0ba0	MMA:GEFMONT:ALM:U10:M6_4	Animalia	Chordata	Aves	Passeriformes	Troglodytidae	Troglodytes	Troglodytes aedon		SPECIES	Troglodytes aedon Vieillot, 1809	Troglodytes aedon	Vieillot, 1809	CL	Fundo El Almendral	Región Metropolitana de Santiago	PRESENT	1	bf0d80b3-46da-4e60-b1cf-39f2320acb43									2020-06-01	1	6	2020	598SY	598SY	HUMAN_OBSERVATION	MMA:GEFMONT	GEFMONT:ALM:U	ALM:U10:M6_4		Sergio Alvarado;Francisco Santander		CC_BY_4_0		Sergio Alvarado		native	2026-07-18T20:27:20.929Z		OCCURRENCE_STATUS_INFERRED_FROM_INDIVIDUAL_COUNT
3359689613	ec377d02-c837-445a-9a35-d600adbf0ba0	MMA:GEFMONT:ALM:U10:M6_3	Animalia	Chordata	Aves	Passeriformes	Furnariidae	Pseudasthenes	Pseudasthenes humicola		SPECIES	Pseudasthenes humicola (Kittlitz, 1830)	Pseudasthenes humicola	Kittlitz, 1830	CL	Fundo El Almendral	Región Metropolitana de Santiago	PRESENT	1	bf0d80b3-46da-4e60-b1cf-39f2320acb43									2020-06-01	1	6	2020	DD9GP	DD9GP	HUMAN_OBSERVATION	MMA:GEFMONT	GEFMONT:ALM:U	ALM:U10:M6_3		Sergio Alvarado;Francisco Santander		CC_BY_4_0		Sergio Alvarado		native	2026-07-18T20:27:20.929Z		OCCURRENCE_STATUS_INFERRED_FROM_INDIVIDUAL_COUNT
3359689612	ec377d02-c837-445a-9a35-d600adbf0ba0	MMA:GEFMONT:ALM:U10:M6_2	Animalia	Chordata	Aves	Passeriformes	Icteridae	Curaeus	Curaeus curaeus		SPECIES	Curaeus curaeus (Molina, 1782)	Curaeus curaeus	Molina, 1782	CL	Fundo El Almendral	Región Metropolitana de Santiago	PRESENT	10	bf0d80b3-46da-4e60-b1cf-39f2320acb43									2020-06-01	1	6	2020	32G3G	32G3G	HUMAN_OBSERVATION	MMA:GEFMONT	GEFMONT:ALM:U	ALM:U10:M6_2		Sergio Alvarado;Francisco Santander		CC_BY_4_0		Sergio Alvarado		native	2026-07-18T20:27:20.929Z		OCCURRENCE_STATUS_INFERRED_FROM_INDIVIDUAL_COUNT
3359689611	ec377d02-c837-445a-9a35-d600adbf0ba0	MMA:GEFMONT:ALM:N4:M5_2	Animalia	Chordata	Aves	Strigiformes	Strigidae	Glaucidium	Glaucidium nana		SPECIES	Glaucidium nana (P.P.King, 1827)	Glaucidium nana	King, 1828	CL	Fundo El Almendral	Región Metropolitana de Santiago	PRESENT	1	bf0d80b3-46da-4e60-b1cf-39f2320acb43									2020-05-01	1	5	2020	3G644	3G644	HUMAN_OBSERVATION	MMA:GEFMONT	GEFMONT:ALM:N	ALM:N4:M5_2		Sergio Alvarado;Francisco Santander		CC_BY_4_0		Sergio Alvarado		native	2026-07-18T20:27:20.929Z		OCCURRENCE_STATUS_INFERRED_FROM_INDIVIDUAL_COUNT
3359689610	ec377d02-c837-445a-9a35-d600adbf0ba0	MMA:GEFMONT:ALM:U10:M6_1	Animalia	Chordata	Aves	Falconiformes	Falconidae	Milvago	Milvago chimango		SPECIES	Milvago chimango (Vieillot, 1816)	Milvago chimango	Vieillot, 1816	CL	Fundo El Almendral	Región Metropolitana de Santiago	PRESENT	1	bf0d80b3-46da-4e60-b1cf-39f2320acb43									2020-06-01	1	6	2020	43DZ9	43DZ9	HUMAN_OBSERVATION	MMA:GEFMONT	GEFMONT:ALM:U	ALM:U10:M6_1		Sergio Alvarado;Francisco Santander		CC_BY_4_0		Sergio Alvarado		native	2026-07-18T20:27:20.929Z		OCCURRENCE_STATUS_INFERRED_FROM_INDIVIDUAL_COUNT
3359689609	ec377d02-c837-445a-9a35-d600adbf0ba0	MMA:GEFMONT:ALM:N4:M5_3	Animalia	Chordata	Aves	Strigiformes	Tytonidae	Tyto	Tyto alba		SPECIES	Tyto alba (Scopoli, 1769)	Tyto alba	Scopoli, 1769	CL	Fundo El Almendral	Región Metropolitana de Santiago	PRESENT	1	bf0d80b3-46da-4e60-b1cf-39f2320acb43									2020-05-01	1	5	2020	59ZVQ	59ZVQ	HUMAN_OBSERVATION	MMA:GEFMONT	GEFMONT:ALM:N	ALM:N4:M5_3		Sergio Alvarado;Francisco Santander		CC_BY_4_0		Sergio Alvarado		native	2026-07-18T20:27:20.926Z		OCCURRENCE_STATUS_INFERRED_FROM_INDIVIDUAL_COUNT
3359689608	ec377d02-c837-445a-9a35-d600adbf0ba0	MMA:GEFMONT:ALM:N4:M5_1	Animalia	Chordata	Aves	Strigiformes	Strigidae	Bubo	Bubo magellanicus		SPECIES	Bubo magellanicus (Gmelin, 1788)	Bubo magellanicus	Gmelin, 1788	CL	Fundo El Almendral	Región Metropolitana de Santiago	PRESENT	1	bf0d80b3-46da-4e60-b1cf-39f2320acb43									2020-05-01	1	5	2020	68SFN	68SFN	HUMAN_OBSERVATION	MMA:GEFMONT	GEFMONT:ALM:N	ALM:N4:M5_1		Sergio Alvarado;Francisco Santander		CC_BY_4_0		Sergio Alvarado		native	2026-07-18T20:27:20.924Z		OCCURRENCE_STATUS_INFERRED_FROM_INDIVIDUAL_COUNT
3359689607	ec377d02-c837-445a-9a35-d600adbf0ba0	MMA:GEFMONT:ALM:U2:M8_2	Animalia	Chordata	Aves	Galliformes	Odontophoridae	Callipepla	Callipepla californica		SPECIES	Callipepla californica (Shaw, 1798)	Callipepla californica	Shaw, 1798	CL	Fundo El Almendral	Región Metropolitana de Santiago	PRESENT	1	bf0d80b3-46da-4e60-b1cf-39f2320acb43									2020-10-01	1	10	2020	PSBS	PSBS	HUMAN_OBSERVATION	MMA:GEFMONT	GEFMONT:ALM:U	ALM:U2:M8_2		Sergio Alvarado;Francisco Santander		CC_BY_4_0		Sergio Alvarado		introduced	2026-07-18T20:27:20.924Z		OCCURRENCE_STATUS_INFERRED_FROM_INDIVIDUAL_COUNT
3359689606	ec377d02-c837-445a-9a35-d600adbf0ba0	MMA:GEFMONT:ALM:U2:M8_3	Animalia	Chordata	Aves	Passeriformes	Tyrannidae	Elaenia	Elaenia albiceps		SPECIES	Elaenia albiceps (Orbigny & Lafresnaye, 1837)	Elaenia albiceps	d'Orbigny y Lafresnaye, 1837	CL	Fundo El Almendral	Región Metropolitana de Santiago	PRESENT	1	bf0d80b3-46da-4e60-b1cf-39f2320acb43									2020-10-01	1	10	2020	38XGD	38XGD	HUMAN_OBSERVATION	MMA:GEFMONT	GEFMONT:ALM:U	ALM:U2:M8_3		Sergio Alvarado;Francisco Santander		CC_BY_4_0		Sergio Alvarado		native	2026-07-18T20:27:20.924Z		OCCURRENCE_STATUS_INFERRED_FROM_INDIVIDUAL_COUNT
3359689605	ec377d02-c837-445a-9a35-d600adbf0ba0	MMA:GEFMONT:ALM:U2:M8_4	Animalia	Chordata	Aves	Columbiformes	Columbidae	Zenaida	Zenaida auriculata		SPECIES	Zenaida auriculata (Des Murs, 1847)	Zenaida auriculata	Des Murs, 1847	CL	Fundo El Almendral	Región Metropolitana de Santiago	PRESENT	1	bf0d80b3-46da-4e60-b1cf-39f2320acb43									2020-10-01	1	10	2020	5D2BV	5D2BV	HUMAN_OBSERVATION	MMA:GEFMONT	GEFMONT:ALM:U	ALM:U2:M8_4		Sergio Alvarado;Francisco Santander		CC_BY_4_0		Sergio Alvarado		native	2026-07-18T20:27:20.923Z		OCCURRENCE_STATUS_INFERRED_FROM_INDIVIDUAL_COUNT
3359689604	ec377d02-c837-445a-9a35-d600adbf0ba0	MMA:GEFMONT:ALM:U2:M5_1	Animalia	Chordata	Aves	Passeriformes	Icteridae	Curaeus	Curaeus curaeus		SPECIES	Curaeus curaeus (Molina, 1782)	Curaeus curaeus	Molina, 1782	CL	Fundo El Almendral	Región Metropolitana de Santiago	PRESENT	3	bf0d80b3-46da-4e60-b1cf-39f2320acb43									2020-05-01	1	5	2020	32G3G	32G3G	HUMAN_OBSERVATION	MMA:GEFMONT	GEFMONT:ALM:U	ALM:U2:M5_1		Sergio Alvarado;Francisco Santander		CC_BY_4_0		Sergio Alvarado		native	2026-07-18T20:27:20.923Z		OCCURRENCE_STATUS_INFERRED_FROM_INDIVIDUAL_COUNT
3359689603	ec377d02-c837-445a-9a35-d600adbf0ba0	MMA:GEFMONT:ALM:U2:M5_2	Animalia	Chordata	Aves	Galliformes	Odontophoridae	Callipepla	Callipepla californica		SPECIES	Callipepla californica (Shaw, 1798)	Callipepla californica	Shaw, 1798	CL	Fundo El Almendral	Región Metropolitana de Santiago	PRESENT	1	bf0d80b3-46da-4e60-b1cf-39f2320acb43									2020-05-01	1	5	2020	PSBS	PSBS	HUMAN_OBSERVATION	MMA:GEFMONT	GEFMONT:ALM:U	ALM:U2:M5_2		Sergio Alvarado;Francisco Santander		CC_BY_4_0		Sergio Alvarado		introduced	2026-07-18T20:27:20.923Z		OCCURRENCE_STATUS_INFERRED_FROM_INDIVIDUAL_COUNT
3359689602	ec377d02-c837-445a-9a35-d600adbf0ba0	MMA:GEFMONT:ALM:U2:M5_3	Animalia	Chordata	Aves	Passeriformes	Fringillidae	Spinus	Spinus barbatus		SPECIES	Spinus barbatus (Molina, 1782)	Spinus barbatus	Molina, 1782	CL	Fundo El Almendral	Región Metropolitana de Santiago	PRESENT	2	bf0d80b3-46da-4e60-b1cf-39f2320acb43									2020-05-01	1	5	2020	4Z65L	4Z65L	HUMAN_OBSERVATION	MMA:GEFMONT	GEFMONT:ALM:U	ALM:U2:M5_3		Sergio Alvarado;Francisco Santander		CC_BY_4_0		Sergio Alvarado		native	2026-07-18T20:27:20.923Z		OCCURRENCE_STATUS_INFERRED_FROM_INDIVIDUAL_COUNT
3359689601	ec377d02-c837-445a-9a35-d600adbf0ba0	MMA:GEFMONT:ALM:U2:M5_4	Animalia	Chordata	Aves	Piciformes	Picidae	Colaptes	Colaptes pitius		SPECIES	Colaptes pitius (Molina, 1782)	Colaptes pitius	Molina, 1782	CL	Fundo El Almendral	Región Metropolitana de Santiago	PRESENT	1	bf0d80b3-46da-4e60-b1cf-39f2320acb43									2020-05-01	1	5	2020	WX2S	WX2S	HUMAN_OBSERVATION	MMA:GEFMONT	GEFMONT:ALM:U	ALM:U2:M5_4		Sergio Alvarado;Francisco Santander		CC_BY_4_0		Sergio Alvarado		native	2026-07-18T20:27:20.923Z		OCCURRENCE_STATUS_INFERRED_FROM_INDIVIDUAL_COUNT
3359689600	ec377d02-c837-445a-9a35-d600adbf0ba0	MMA:GEFMONT:ALM:U6:M2_5	Animalia	Chordata	Aves	Charadriiformes	Charadriidae	Vanellus	Vanellus chilensis		SPECIES	Vanellus chilensis (Molina, 1782)	Vanellus chilensis	Molina, 1782	CL	Fundo El Almendral	Región Metropolitana de Santiago	PRESENT	1	bf0d80b3-46da-4e60-b1cf-39f2320acb43									2020-01-25	25	1	2020	7FFJ9	7FFJ9	HUMAN_OBSERVATION	MMA:GEFMONT	GEFMONT:ALM:U	ALM:U6:M2_5		Sergio Alvarado;Francisco Santander		CC_BY_4_0		Sergio Alvarado		native	2026-07-18T20:27:20.922Z		OCCURRENCE_STATUS_INFERRED_FROM_INDIVIDUAL_COUNT
3359689599	ec377d02-c837-445a-9a35-d600adbf0ba0	MMA:GEFMONT:ALM:U6:M2_4	Animalia	Chordata	Aves	Passeriformes	Icteridae	Leistes	Leistes loyca		SPECIES	Leistes loyca (Molina, 1782)	Leistes loyca	Molina, 1782	CL	Fundo El Almendral	Región Metropolitana de Santiago	PRESENT	1	bf0d80b3-46da-4e60-b1cf-39f2320acb43									2020-01-25	25	1	2020	DDCWV	DDCWV	HUMAN_OBSERVATION	MMA:GEFMONT	GEFMONT:ALM:U	ALM:U6:M2_4		Sergio Alvarado;Francisco Santander		CC_BY_4_0		Sergio Alvarado		native	2026-07-18T20:27:20.922Z		OCCURRENCE_STATUS_INFERRED_FROM_INDIVIDUAL_COUNT
3359689598	ec377d02-c837-445a-9a35-d600adbf0ba0	MMA:GEFMONT:ALM:U6:M2_7	Animalia	Chordata	Aves	Columbiformes	Columbidae	Columbina	Columbina picui		SPECIES	Columbina picui (Temminck, 1813)	Columbina picui	Temminck, 1813	CL	Fundo El Almendral	Región Metropolitana de Santiago	PRESENT	2	bf0d80b3-46da-4e60-b1cf-39f2320acb43									2020-01-25	25	1	2020	5ZPZZ	5ZPZZ	HUMAN_OBSERVATION	MMA:GEFMONT	GEFMONT:ALM:U	ALM:U6:M2_7		Sergio Alvarado;Francisco Santander		CC_BY_4_0		Sergio Alvarado		native	2026-07-18T20:27:20.922Z		OCCURRENCE_STATUS_INFERRED_FROM_INDIVIDUAL_COUNT
3359689597	ec377d02-c837-445a-9a35-d600adbf0ba0	MMA:GEFMONT:ALM:U4:M8_4	Animalia	Chordata	Aves	Passeriformes	Turdidae	Turdus	Turdus falcklandii		SPECIES	Turdus falcklandii Quoy & Gaimard, 1824	Turdus falcklandii	Quoy & Gaimard, 1824	CL	Fundo El Almendral	Región Metropolitana de Santiago	PRESENT	1	bf0d80b3-46da-4e60-b1cf-39f2320acb43									2020-10-01	1	10	2020	7CZ7W	7CZ7W	HUMAN_OBSERVATION	MMA:GEFMONT	GEFMONT:ALM:U	ALM:U4:M8_4		Sergio Alvarado;Francisco Santander		CC_BY_4_0		Sergio Alvarado		native	2026-07-18T20:27:20.922Z		OCCURRENCE_STATUS_INFERRED_FROM_INDIVIDUAL_COUNT
3359689596	ec377d02-c837-445a-9a35-d600adbf0ba0	MMA:GEFMONT:ALM:U6:M2_6	Animalia	Chordata	Aves	Columbiformes	Columbidae	Zenaida	Zenaida auriculata		SPECIES	Zenaida auriculata (Des Murs, 1847)	Zenaida auriculata	Des Murs, 1847	CL	Fundo El Almendral	Región Metropolitana de Santiago	PRESENT	1	bf0d80b3-46da-4e60-b1cf-39f2320acb43									2020-01-25	25	1	2020	5D2BV	5D2BV	HUMAN_OBSERVATION	MMA:GEFMONT	GEFMONT:ALM:U	ALM:U6:M2_6		Sergio Alvarado;Francisco Santander		CC_BY_4_0		Sergio Alvarado		native	2026-07-18T20:27:20.921Z		OCCURRENCE_STATUS_INFERRED_FROM_INDIVIDUAL_COUNT
3359689595	ec377d02-c837-445a-9a35-d600adbf0ba0	MMA:GEFMONT:ALM:U10:M5_9	Animalia	Chordata	Aves	Columbiformes	Columbidae	Columbina	Columbina picui		SPECIES	Columbina picui (Temminck, 1813)	Columbina picui	Temminck, 1813	CL	Fundo El Almendral	Región Metropolitana de Santiago	PRESENT	2	bf0d80b3-46da-4e60-b1cf-39f2320acb43									2020-05-01	1	5	2020	5ZPZZ	5ZPZZ	HUMAN_OBSERVATION	MMA:GEFMONT	GEFMONT:ALM:U	ALM:U10:M5_9		Sergio Alvarado;Francisco Santander		CC_BY_4_0		Sergio Alvarado		native	2026-07-18T20:27:20.921Z		OCCURRENCE_STATUS_INFERRED_FROM_INDIVIDUAL_COUNT
3359689594	ec377d02-c837-445a-9a35-d600adbf0ba0	MMA:GEFMONT:ALM:U10:M5_8	Animalia	Chordata	Aves	Columbiformes	Columbidae	Zenaida	Zenaida auriculata		SPECIES	Zenaida auriculata (Des Murs, 1847)	Zenaida auriculata	Des Murs, 1847	CL	Fundo El Almendral	Región Metropolitana de Santiago	PRESENT	4	bf0d80b3-46da-4e60-b1cf-39f2320acb43									2020-05-01	1	5	2020	5D2BV	5D2BV	HUMAN_OBSERVATION	MMA:GEFMONT	GEFMONT:ALM:U	ALM:U10:M5_8		Sergio Alvarado;Francisco Santander		CC_BY_4_0		Sergio Alvarado		native	2026-07-18T20:27:20.921Z		OCCURRENCE_STATUS_INFERRED_FROM_INDIVIDUAL_COUNT
3359689593	ec377d02-c837-445a-9a35-d600adbf0ba0	MMA:GEFMONT:ALM:U6:M2_8	Animalia	Chordata	Aves	Passeriformes	Icteridae	Curaeus	Curaeus curaeus		SPECIES	Curaeus curaeus (Molina, 1782)	Curaeus curaeus	Molina, 1782	CL	Fundo El Almendral	Región Metropolitana de Santiago	PRESENT	10	bf0d80b3-46da-4e60-b1cf-39f2320acb43									2020-01-25	25	1	2020	32G3G	32G3G	HUMAN_OBSERVATION	MMA:GEFMONT	GEFMONT:ALM:U	ALM:U6:M2_8		Sergio Alvarado;Francisco Santander		CC_BY_4_0		Sergio Alvarado		native	2026-07-18T20:27:20.921Z		OCCURRENCE_STATUS_INFERRED_FROM_INDIVIDUAL_COUNT
3359689592	ec377d02-c837-445a-9a35-d600adbf0ba0	MMA:GEFMONT:ALM:U10:M5_7	Animalia	Chordata	Aves	Charadriiformes	Charadriidae	Vanellus	Vanellus chilensis		SPECIES	Vanellus chilensis (Molina, 1782)	Vanellus chilensis	Molina, 1782	CL	Fundo El Almendral	Región Metropolitana de Santiago	PRESENT	3	bf0d80b3-46da-4e60-b1cf-39f2320acb43									2020-05-01	1	5	2020	7FFJ9	7FFJ9	HUMAN_OBSERVATION	MMA:GEFMONT	GEFMONT:ALM:U	ALM:U10:M5_7		Sergio Alvarado;Francisco Santander		CC_BY_4_0		Sergio Alvarado		native	2026-07-18T20:27:20.921Z		OCCURRENCE_STATUS_INFERRED_FROM_INDIVIDUAL_COUNT
3359689591	ec377d02-c837-445a-9a35-d600adbf0ba0	MMA:GEFMONT:ALM:U10:M5_6	Animalia	Chordata	Aves	Columbiformes	Columbidae	Columba	Columba livia		SPECIES	Columba livia J.F.Gmelin, 1789	Columba livia	Gmelin, 1789	CL	Fundo El Almendral	Región Metropolitana de Santiago	PRESENT	29	bf0d80b3-46da-4e60-b1cf-39f2320acb43									2020-05-01	1	5	2020	XBFW	XBFW	HUMAN_OBSERVATION	MMA:GEFMONT	GEFMONT:ALM:U	ALM:U10:M5_6		Sergio Alvarado;Francisco Santander		CC_BY_4_0		Sergio Alvarado		introduced	2026-07-18T20:27:20.921Z		OCCURRENCE_STATUS_INFERRED_FROM_INDIVIDUAL_COUNT
3359689590	ec377d02-c837-445a-9a35-d600adbf0ba0	MMA:GEFMONT:ALM:U9:M6_1	Animalia	Chordata	Aves	Columbiformes	Columbidae	Zenaida	Zenaida auriculata		SPECIES	Zenaida auriculata (Des Murs, 1847)	Zenaida auriculata	Des Murs, 1847	CL	Fundo El Almendral	Región Metropolitana de Santiago	PRESENT	1	bf0d80b3-46da-4e60-b1cf-39f2320acb43									2020-06-01	1	6	2020	5D2BV	5D2BV	HUMAN_OBSERVATION	MMA:GEFMONT	GEFMONT:ALM:U	ALM:U9:M6_1		Sergio Alvarado;Francisco Santander		CC_BY_4_0		Sergio Alvarado		native	2026-07-18T20:27:20.920Z		OCCURRENCE_STATUS_INFERRED_FROM_INDIVIDUAL_COUNT
3359689589	ec377d02-c837-445a-9a35-d600adbf0ba0	MMA:GEFMONT:ALM:U6:M2_1	Animalia	Chordata	Aves	Falconiformes	Falconidae	Falco	Falco sparverius		SPECIES	Falco sparverius Linnaeus, 1758	Falco sparverius	Linnaeus, 1758	CL	Fundo El Almendral	Región Metropolitana de Santiago	PRESENT	1	bf0d80b3-46da-4e60-b1cf-39f2320acb43									2020-01-25	25	1	2020	3DTGT	3DTGT	HUMAN_OBSERVATION	MMA:GEFMONT	GEFMONT:ALM:U	ALM:U6:M2_1		Sergio Alvarado;Francisco Santander		CC_BY_4_0		Sergio Alvarado		native	2026-07-18T20:27:20.920Z		OCCURRENCE_STATUS_INFERRED_FROM_INDIVIDUAL_COUNT
3359689588	ec377d02-c837-445a-9a35-d600adbf0ba0	MMA:GEFMONT:ALM:U9:M6_2	Animalia	Chordata	Aves	Passeriformes	Turdidae	Turdus	Turdus falcklandii		SPECIES	Turdus falcklandii Quoy & Gaimard, 1824	Turdus falcklandii	Quoy & Gaimard, 1824	CL	Fundo El Almendral	Región Metropolitana de Santiago	PRESENT	1	bf0d80b3-46da-4e60-b1cf-39f2320acb43									2020-06-01	1	6	2020	7CZ7W	7CZ7W	HUMAN_OBSERVATION	MMA:GEFMONT	GEFMONT:ALM:U	ALM:U9:M6_2		Sergio Alvarado;Francisco Santander		CC_BY_4_0		Sergio Alvarado		native	2026-07-18T20:27:20.920Z		OCCURRENCE_STATUS_INFERRED_FROM_INDIVIDUAL_COUNT
3359689587	ec377d02-c837-445a-9a35-d600adbf0ba0	MMA:GEFMONT:ALM:U6:M2_3	Animalia	Chordata	Aves	Passeriformes	Passerellidae	Zonotrichia	Zonotrichia capensis		SPECIES	Zonotrichia capensis (P.L.S.Müller, 1776)	Zonotrichia capensis	Statius Müller, 1776	CL	Fundo El Almendral	Región Metropolitana de Santiago	PRESENT	2	bf0d80b3-46da-4e60-b1cf-39f2320acb43									2020-01-25	25	1	2020	5D763	5D763	HUMAN_OBSERVATION	MMA:GEFMONT	GEFMONT:ALM:U	ALM:U6:M2_3		Sergio Alvarado;Francisco Santander		CC_BY_4_0		Sergio Alvarado		native	2026-07-18T20:27:20.920Z		OCCURRENCE_STATUS_INFERRED_FROM_INDIVIDUAL_COUNT
3359689586	ec377d02-c837-445a-9a35-d600adbf0ba0	MMA:GEFMONT:ALM:E1:M2_2	Animalia	Chordata	Aves	Passeriformes	Troglodytidae	Troglodytes	Troglodytes aedon		SPECIES	Troglodytes aedon Vieillot, 1809	Troglodytes aedon	Vieillot, 1809	CL	Fundo El Almendral	Región Metropolitana de Santiago	PRESENT	1	bf0d80b3-46da-4e60-b1cf-39f2320acb43									2020-01-25	25	1	2020	598SY	598SY	HUMAN_OBSERVATION	MMA:GEFMONT	GEFMONT:ALM:E	ALM:E1:M2_2		Sergio Alvarado;Francisco Santander		CC_BY_4_0		Sergio Alvarado		native	2026-07-18T20:27:20.919Z		OCCURRENCE_STATUS_INFERRED_FROM_INDIVIDUAL_COUNT
3359689585	ec377d02-c837-445a-9a35-d600adbf0ba0	MMA:GEFMONT:ALM:U6:M2_2	Animalia	Chordata	Aves	Falconiformes	Falconidae	Milvago	Milvago chimango		SPECIES	Milvago chimango (Vieillot, 1816)	Milvago chimango	Vieillot, 1816	CL	Fundo El Almendral	Región Metropolitana de Santiago	PRESENT	1	bf0d80b3-46da-4e60-b1cf-39f2320acb43									2020-01-25	25	1	2020	43DZ9	43DZ9	HUMAN_OBSERVATION	MMA:GEFMONT	GEFMONT:ALM:U	ALM:U6:M2_2		Sergio Alvarado;Francisco Santander		CC_BY_4_0		Sergio Alvarado		native	2026-07-18T20:27:20.919Z		OCCURRENCE_STATUS_INFERRED_FROM_INDIVIDUAL_COUNT
3359689584	ec377d02-c837-445a-9a35-d600adbf0ba0	MMA:GEFMONT:ALM:E1:M2_1	Animalia	Chordata	Aves	Accipitriformes	Accipitridae	Geranoaetus	Geranoaetus melanoleucus		SPECIES	Geranoaetus melanoleucus (Vieillot, 1819)	Geranoaetus melanoleucus	Vieillot, 1819	CL	Fundo El Almendral	Región Metropolitana de Santiago	PRESENT	2	bf0d80b3-46da-4e60-b1cf-39f2320acb43									2020-01-25	25	1	2020	3FVCC	3FVCC	HUMAN_OBSERVATION	MMA:GEFMONT	GEFMONT:ALM:E	ALM:E1:M2_1		Sergio Alvarado;Francisco Santander		CC_BY_4_0		Sergio Alvarado		native	2026-07-18T20:27:20.919Z		OCCURRENCE_STATUS_INFERRED_FROM_INDIVIDUAL_COUNT
3359689583	ec377d02-c837-445a-9a35-d600adbf0ba0	MMA:GEFMONT:ALM:N1:M7_1	Animalia	Chordata	Aves	Strigiformes	Strigidae	Glaucidium	Glaucidium nana		SPECIES	Glaucidium nana (P.P.King, 1827)	Glaucidium nana	King, 1828	CL	Fundo El Almendral	Región Metropolitana de Santiago	PRESENT	3	bf0d80b3-46da-4e60-b1cf-39f2320acb43									2020-08-28	28	8	2020	3G644	3G644	HUMAN_OBSERVATION	MMA:GEFMONT	GEFMONT:ALM:N	ALM:N1:M7_1		Sergio Alvarado;Francisco Santander		CC_BY_4_0		Sergio Alvarado		native	2026-07-18T20:27:20.919Z		OCCURRENCE_STATUS_INFERRED_FROM_INDIVIDUAL_COUNT
3359689582	ec377d02-c837-445a-9a35-d600adbf0ba0	MMA:GEFMONT:ALM:U10:M5_5	Animalia	Chordata	Aves	Passeriformes	Fringillidae	Spinus	Spinus barbatus		SPECIES	Spinus barbatus (Molina, 1782)	Spinus barbatus	Molina, 1782	CL	Fundo El Almendral	Región Metropolitana de Santiago	PRESENT	1	bf0d80b3-46da-4e60-b1cf-39f2320acb43									2020-05-01	1	5	2020	4Z65L	4Z65L	HUMAN_OBSERVATION	MMA:GEFMONT	GEFMONT:ALM:U	ALM:U10:M5_5		Sergio Alvarado;Francisco Santander		CC_BY_4_0		Sergio Alvarado		native	2026-07-18T20:27:20.919Z		OCCURRENCE_STATUS_INFERRED_FROM_INDIVIDUAL_COUNT
3359689581	ec377d02-c837-445a-9a35-d600adbf0ba0	MMA:GEFMONT:ALM:U10:M5_4	Animalia	Chordata	Aves	Passeriformes	Tyrannidae	Pyrope	Pyrope pyrope		SPECIES	Xolmis pyrope (Kittlitz, 1830)	Xolmis pyrope	Kittlitz, 1830	CL	Fundo El Almendral	Región Metropolitana de Santiago	PRESENT	1	bf0d80b3-46da-4e60-b1cf-39f2320acb43									2020-05-01	1	5	2020	5CGDR	CQY3W	HUMAN_OBSERVATION	MMA:GEFMONT	GEFMONT:ALM:U	ALM:U10:M5_4		Sergio Alvarado;Francisco Santander		CC_BY_4_0		Sergio Alvarado		native	2026-07-18T20:27:20.918Z		OCCURRENCE_STATUS_INFERRED_FROM_INDIVIDUAL_COUNT
3359689580	ec377d02-c837-445a-9a35-d600adbf0ba0	MMA:GEFMONT:ALM:U10:M5_3	Animalia	Chordata	Aves	Passeriformes	Troglodytidae	Troglodytes	Troglodytes aedon		SPECIES	Troglodytes aedon Vieillot, 1809	Troglodytes aedon	Vieillot, 1809	CL	Fundo El Almendral	Región Metropolitana de Santiago	PRESENT	1	bf0d80b3-46da-4e60-b1cf-39f2320acb43									2020-05-01	1	5	2020	598SY	598SY	HUMAN_OBSERVATION	MMA:GEFMONT	GEFMONT:ALM:U	ALM:U10:M5_3		Sergio Alvarado;Francisco Santander		CC_BY_4_0		Sergio Alvarado		native	2026-07-18T20:27:20.918Z		OCCURRENCE_STATUS_INFERRED_FROM_INDIVIDUAL_COUNT
3359689579	ec377d02-c837-445a-9a35-d600adbf0ba0	MMA:GEFMONT:ALM:U10:M5_2	Animalia	Chordata	Aves	Passeriformes	Icteridae	Curaeus	Curaeus curaeus		SPECIES	Curaeus curaeus (Molina, 1782)	Curaeus curaeus	Molina, 1782	CL	Fundo El Almendral	Región Metropolitana de Santiago	PRESENT	6	bf0d80b3-46da-4e60-b1cf-39f2320acb43									2020-05-01	1	5	2020	32G3G	32G3G	HUMAN_OBSERVATION	MMA:GEFMONT	GEFMONT:ALM:U	ALM:U10:M5_2		Sergio Alvarado;Francisco Santander		CC_BY_4_0		Sergio Alvarado		native	2026-07-18T20:27:20.918Z		OCCURRENCE_STATUS_INFERRED_FROM_INDIVIDUAL_COUNT
3359689578	ec377d02-c837-445a-9a35-d600adbf0ba0	MMA:GEFMONT:ALM:U10:M5_1	Animalia	Chordata	Aves	Falconiformes	Falconidae	Milvago	Milvago chimango		SPECIES	Milvago chimango (Vieillot, 1816)	Milvago chimango	Vieillot, 1816	CL	Fundo El Almendral	Región Metropolitana de Santiago	PRESENT	1	bf0d80b3-46da-4e60-b1cf-39f2320acb43									2020-05-01	1	5	2020	43DZ9	43DZ9	HUMAN_OBSERVATION	MMA:GEFMONT	GEFMONT:ALM:U	ALM:U10:M5_1		Sergio Alvarado;Francisco Santander		CC_BY_4_0		Sergio Alvarado		native	2026-07-18T20:27:20.918Z		OCCURRENCE_STATUS_INFERRED_FROM_INDIVIDUAL_COUNT
3359689577	ec377d02-c837-445a-9a35-d600adbf0ba0	MMA:GEFMONT:ALM:U4:M8_3	Animalia	Chordata	Aves	Passeriformes	Rhinocryptidae	Pteroptochos	Pteroptochos megapodius		SPECIES	Pteroptochos megapodius Kittlitz, 1830	Pteroptochos megapodius	Kittlitz, 1830	CL	Fundo El Almendral	Región Metropolitana de Santiago	PRESENT	1	bf0d80b3-46da-4e60-b1cf-39f2320acb43									2020-10-01	1	10	2020	4Q2S6	4Q2S6	HUMAN_OBSERVATION	MMA:GEFMONT	GEFMONT:ALM:U	ALM:U4:M8_3		Sergio Alvarado;Francisco Santander		CC_BY_4_0		Sergio Alvarado		native	2026-07-18T20:27:20.918Z		OCCURRENCE_STATUS_INFERRED_FROM_INDIVIDUAL_COUNT
3359689576	ec377d02-c837-445a-9a35-d600adbf0ba0	MMA:GEFMONT:ALM:U4:M8_2	Animalia	Chordata	Aves	Columbiformes	Columbidae	Columbina	Columbina picui		SPECIES	Columbina picui (Temminck, 1813)	Columbina picui	Temminck, 1813	CL	Fundo El Almendral	Región Metropolitana de Santiago	PRESENT	1	bf0d80b3-46da-4e60-b1cf-39f2320acb43									2020-10-01	1	10	2020	5ZPZZ	5ZPZZ	HUMAN_OBSERVATION	MMA:GEFMONT	GEFMONT:ALM:U	ALM:U4:M8_2		Sergio Alvarado;Francisco Santander		CC_BY_4_0		Sergio Alvarado		native	2026-07-18T20:27:20.917Z		OCCURRENCE_STATUS_INFERRED_FROM_INDIVIDUAL_COUNT
3359689575	ec377d02-c837-445a-9a35-d600adbf0ba0	MMA:GEFMONT:ALM:U4:M8_1	Animalia	Chordata	Aves	Passeriformes	Icteridae	Curaeus	Curaeus curaeus		SPECIES	Curaeus curaeus (Molina, 1782)	Curaeus curaeus	Molina, 1782	CL	Fundo El Almendral	Región Metropolitana de Santiago	PRESENT	1	bf0d80b3-46da-4e60-b1cf-39f2320acb43									2020-10-01	1	10	2020	32G3G	32G3G	HUMAN_OBSERVATION	MMA:GEFMONT	GEFMONT:ALM:U	ALM:U4:M8_1		Sergio Alvarado;Francisco Santander		CC_BY_4_0		Sergio Alvarado		native	2026-07-18T20:27:20.917Z		OCCURRENCE_STATUS_INFERRED_FROM_INDIVIDUAL_COUNT
3359689574	ec377d02-c837-445a-9a35-d600adbf0ba0	MMA:GEFMONT:ALM:U5:M8_3	Animalia	Chordata	Aves	Columbiformes	Columbidae	Columbina	Columbina picui		SPECIES	Columbina picui (Temminck, 1813)	Columbina picui	Temminck, 1813	CL	Fundo El Almendral	Región Metropolitana de Santiago	PRESENT	1	bf0d80b3-46da-4e60-b1cf-39f2320acb43									2020-10-01	1	10	2020	5ZPZZ	5ZPZZ	HUMAN_OBSERVATION	MMA:GEFMONT	GEFMONT:ALM:U	ALM:U5:M8_3		Sergio Alvarado;Francisco Santander		CC_BY_4_0		Sergio Alvarado		native	2026-07-18T20:27:20.917Z		OCCURRENCE_STATUS_INFERRED_FROM_INDIVIDUAL_COUNT
3359689573	ec377d02-c837-445a-9a35-d600adbf0ba0	MMA:GEFMONT:ALM:U2:M6_1	Animalia	Chordata	Aves	Apodiformes	Trochilidae	Sephanoides	Sephanoides sephaniodes		SPECIES	Sephanoides sephanoides (R.Lesson & Garnot, 1827)	Sephanoides sephanoides	Lesson, 1827	CL	Fundo El Almendral	Región Metropolitana de Santiago	PRESENT	1	bf0d80b3-46da-4e60-b1cf-39f2320acb43									2020-06-01	1	6	2020	8J6ZQ	8J6ZP	HUMAN_OBSERVATION	MMA:GEFMONT	GEFMONT:ALM:U	ALM:U2:M6_1		Sergio Alvarado;Francisco Santander		CC_BY_4_0		Sergio Alvarado		native	2026-07-18T20:27:20.917Z		OCCURRENCE_STATUS_INFERRED_FROM_INDIVIDUAL_COUNT
3359689572	ec377d02-c837-445a-9a35-d600adbf0ba0	MMA:GEFMONT:ALM:U5:M8_1	Animalia	Chordata	Aves	Galliformes	Odontophoridae	Callipepla	Callipepla californica		SPECIES	Callipepla californica (Shaw, 1798)	Callipepla californica	Shaw, 1798	CL	Fundo El Almendral	Región Metropolitana de Santiago	PRESENT	1	bf0d80b3-46da-4e60-b1cf-39f2320acb43									2020-10-01	1	10	2020	PSBS	PSBS	HUMAN_OBSERVATION	MMA:GEFMONT	GEFMONT:ALM:U	ALM:U5:M8_1		Sergio Alvarado;Francisco Santander		CC_BY_4_0		Sergio Alvarado		introduced	2026-07-18T20:27:20.917Z		OCCURRENCE_STATUS_INFERRED_FROM_INDIVIDUAL_COUNT
3359689571	ec377d02-c837-445a-9a35-d600adbf0ba0	MMA:GEFMONT:ALM:U5:M8_2	Animalia	Chordata	Aves	Charadriiformes	Charadriidae	Vanellus	Vanellus chilensis		SPECIES	Vanellus chilensis (Molina, 1782)	Vanellus chilensis	Molina, 1782	CL	Fundo El Almendral	Región Metropolitana de Santiago	PRESENT	1	bf0d80b3-46da-4e60-b1cf-39f2320acb43									2020-10-01	1	10	2020	7FFJ9	7FFJ9	HUMAN_OBSERVATION	MMA:GEFMONT	GEFMONT:ALM:U	ALM:U5:M8_2		Sergio Alvarado;Francisco Santander		CC_BY_4_0		Sergio Alvarado		native	2026-07-18T20:27:20.916Z		OCCURRENCE_STATUS_INFERRED_FROM_INDIVIDUAL_COUNT
3359689570	ec377d02-c837-445a-9a35-d600adbf0ba0	MMA:GEFMONT:ALM:U9:M7_2	Animalia	Chordata	Aves	Passeriformes	Icteridae	Curaeus	Curaeus curaeus		SPECIES	Curaeus curaeus (Molina, 1782)	Curaeus curaeus	Molina, 1782	CL	Fundo El Almendral	Región Metropolitana de Santiago	PRESENT	2	bf0d80b3-46da-4e60-b1cf-39f2320acb43									2020-08-28	28	8	2020	32G3G	32G3G	HUMAN_OBSERVATION	MMA:GEFMONT	GEFMONT:ALM:U	ALM:U9:M7_2		Sergio Alvarado;Francisco Santander		CC_BY_4_0		Sergio Alvarado		native	2026-07-18T20:27:20.916Z		OCCURRENCE_STATUS_INFERRED_FROM_INDIVIDUAL_COUNT
3359689569	ec377d02-c837-445a-9a35-d600adbf0ba0	MMA:GEFMONT:ALM:U10:M4_8	Animalia	Chordata	Aves	Columbiformes	Columbidae	Columbina	Columbina picui		SPECIES	Columbina picui (Temminck, 1813)	Columbina picui	Temminck, 1813	CL	Fundo El Almendral	Región Metropolitana de Santiago	PRESENT	1	bf0d80b3-46da-4e60-b1cf-39f2320acb43									2020-03-28	28	3	2020	5ZPZZ	5ZPZZ	HUMAN_OBSERVATION	MMA:GEFMONT	GEFMONT:ALM:U	ALM:U10:M4_8		Sergio Alvarado;Francisco Santander		CC_BY_4_0		Sergio Alvarado		native	2026-07-18T20:27:20.916Z		OCCURRENCE_STATUS_INFERRED_FROM_INDIVIDUAL_COUNT
3359689568	ec377d02-c837-445a-9a35-d600adbf0ba0	MMA:GEFMONT:ALM:U10:M4_7	Animalia	Chordata	Aves	Charadriiformes	Charadriidae	Vanellus	Vanellus chilensis		SPECIES	Vanellus chilensis (Molina, 1782)	Vanellus chilensis	Molina, 1782	CL	Fundo El Almendral	Región Metropolitana de Santiago	PRESENT	2	bf0d80b3-46da-4e60-b1cf-39f2320acb43									2020-03-28	28	3	2020	7FFJ9	7FFJ9	HUMAN_OBSERVATION	MMA:GEFMONT	GEFMONT:ALM:U	ALM:U10:M4_7		Sergio Alvarado;Francisco Santander		CC_BY_4_0		Sergio Alvarado		native	2026-07-18T20:27:20.916Z		OCCURRENCE_STATUS_INFERRED_FROM_INDIVIDUAL_COUNT
3359689567	ec377d02-c837-445a-9a35-d600adbf0ba0	MMA:GEFMONT:ALM:E1:M3_3	Animalia	Chordata	Aves	Accipitriformes	Accipitridae	Geranoaetus	Geranoaetus melanoleucus		SPECIES	Geranoaetus melanoleucus (Vieillot, 1819)	Geranoaetus melanoleucus	Vieillot, 1819	CL	Fundo El Almendral	Región Metropolitana de Santiago	PRESENT	1	bf0d80b3-46da-4e60-b1cf-39f2320acb43									2020-02-29	29	2	2020	3FVCC	3FVCC	HUMAN_OBSERVATION	MMA:GEFMONT	GEFMONT:ALM:E	ALM:E1:M3_3		Sergio Alvarado;Francisco Santander		CC_BY_4_0		Sergio Alvarado		native	2026-07-18T20:27:20.916Z		OCCURRENCE_STATUS_INFERRED_FROM_INDIVIDUAL_COUNT
3359689566	ec377d02-c837-445a-9a35-d600adbf0ba0	MMA:GEFMONT:ALM:E1:M3_2	Animalia	Chordata	Aves	Galliformes	Odontophoridae	Callipepla	Callipepla californica		SPECIES	Callipepla californica (Shaw, 1798)	Callipepla californica	Shaw, 1798	CL	Fundo El Almendral	Región Metropolitana de Santiago	PRESENT	1	bf0d80b3-46da-4e60-b1cf-39f2320acb43									2020-02-29	29	2	2020	PSBS	PSBS	HUMAN_OBSERVATION	MMA:GEFMONT	GEFMONT:ALM:E	ALM:E1:M3_2		Sergio Alvarado;Francisco Santander		CC_BY_4_0		Sergio Alvarado		introduced	2026-07-18T20:27:20.915Z		OCCURRENCE_STATUS_INFERRED_FROM_INDIVIDUAL_COUNT
3359689565	ec377d02-c837-445a-9a35-d600adbf0ba0	MMA:GEFMONT:ALM:E1:M3_4	Animalia	Chordata	Aves	Accipitriformes	Accipitridae	Parabuteo	Parabuteo unicinctus		SPECIES	Parabuteo unicinctus (Temminck, 1824)	Parabuteo unicinctus	Temminck, 1824	CL	Fundo El Almendral	Región Metropolitana de Santiago	PRESENT	1	bf0d80b3-46da-4e60-b1cf-39f2320acb43									2020-02-29	29	2	2020	4CN4R	4CN4R	HUMAN_OBSERVATION	MMA:GEFMONT	GEFMONT:ALM:E	ALM:E1:M3_4		Sergio Alvarado;Francisco Santander		CC_BY_4_0		Sergio Alvarado		native	2026-07-18T20:27:20.915Z		OCCURRENCE_STATUS_INFERRED_FROM_INDIVIDUAL_COUNT
3359689564	ec377d02-c837-445a-9a35-d600adbf0ba0	MMA:GEFMONT:ALM:U9:M7_1	Animalia	Chordata	Aves	Columbiformes	Columbidae	Columbina	Columbina picui		SPECIES	Columbina picui (Temminck, 1813)	Columbina picui	Temminck, 1813	CL	Fundo El Almendral	Región Metropolitana de Santiago	PRESENT	1	bf0d80b3-46da-4e60-b1cf-39f2320acb43									2020-08-28	28	8	2020	5ZPZZ	5ZPZZ	HUMAN_OBSERVATION	MMA:GEFMONT	GEFMONT:ALM:U	ALM:U9:M7_1		Sergio Alvarado;Francisco Santander		CC_BY_4_0		Sergio Alvarado		native	2026-07-18T20:27:20.915Z		OCCURRENCE_STATUS_INFERRED_FROM_INDIVIDUAL_COUNT
3359689563	ec377d02-c837-445a-9a35-d600adbf0ba0	MMA:GEFMONT:ALM:U6:M1_1	Animalia	Chordata	Aves	Falconiformes	Falconidae	Falco	Falco sparverius		SPECIES	Falco sparverius Linnaeus, 1758	Falco sparverius	Linnaeus, 1758	CL	Fundo El Almendral	Región Metropolitana de Santiago	PRESENT	2	bf0d80b3-46da-4e60-b1cf-39f2320acb43									2019-12-27	27	12	2019	3DTGT	3DTGT	HUMAN_OBSERVATION	MMA:GEFMONT	GEFMONT:ALM:U	ALM:U6:M1_1		Sergio Alvarado;Francisco Santander		CC_BY_4_0		Sergio Alvarado		native	2026-07-18T20:27:20.915Z		OCCURRENCE_STATUS_INFERRED_FROM_INDIVIDUAL_COUNT
3359689562	ec377d02-c837-445a-9a35-d600adbf0ba0	MMA:GEFMONT:ALM:E1:M3_1	Animalia	Chordata	Aves	Galliformes	Odontophoridae	Callipepla	Callipepla californica		SPECIES	Callipepla californica (Shaw, 1798)	Callipepla californica	Shaw, 1798	CL	Fundo El Almendral	Región Metropolitana de Santiago	PRESENT	14	bf0d80b3-46da-4e60-b1cf-39f2320acb43									2020-02-29	29	2	2020	PSBS	PSBS	HUMAN_OBSERVATION	MMA:GEFMONT	GEFMONT:ALM:E	ALM:E1:M3_1		Sergio Alvarado;Francisco Santander		CC_BY_4_0		Sergio Alvarado		introduced	2026-07-18T20:27:20.915Z		OCCURRENCE_STATUS_INFERRED_FROM_INDIVIDUAL_COUNT
3359689561	ec377d02-c837-445a-9a35-d600adbf0ba0	MMA:GEFMONT:ALM:U10:M4_6	Animalia	Chordata	Aves	Piciformes	Picidae	Colaptes	Colaptes pitius		SPECIES	Colaptes pitius (Molina, 1782)	Colaptes pitius	Molina, 1782	CL	Fundo El Almendral	Región Metropolitana de Santiago	PRESENT	1	bf0d80b3-46da-4e60-b1cf-39f2320acb43									2020-03-28	28	3	2020	WX2S	WX2S	HUMAN_OBSERVATION	MMA:GEFMONT	GEFMONT:ALM:U	ALM:U10:M4_6		Sergio Alvarado;Francisco Santander		CC_BY_4_0		Sergio Alvarado		native	2026-07-18T20:27:20.914Z		OCCURRENCE_STATUS_INFERRED_FROM_INDIVIDUAL_COUNT
3359689560	ec377d02-c837-445a-9a35-d600adbf0ba0	MMA:GEFMONT:ALM:U10:M4_5	Animalia	Chordata	Aves	Apodiformes	Trochilidae	Sephanoides	Sephanoides sephaniodes		SPECIES	Sephanoides sephanoides (R.Lesson & Garnot, 1827)	Sephanoides sephanoides	Lesson, 1827	CL	Fundo El Almendral	Región Metropolitana de Santiago	PRESENT	1	bf0d80b3-46da-4e60-b1cf-39f2320acb43									2020-03-28	28	3	2020	8J6ZQ	8J6ZP	HUMAN_OBSERVATION	MMA:GEFMONT	GEFMONT:ALM:U	ALM:U10:M4_5		Sergio Alvarado;Francisco Santander		CC_BY_4_0		Sergio Alvarado		native	2026-07-18T20:27:20.914Z		OCCURRENCE_STATUS_INFERRED_FROM_INDIVIDUAL_COUNT
3359689559	ec377d02-c837-445a-9a35-d600adbf0ba0	MMA:GEFMONT:ALM:U10:M4_4	Animalia	Chordata	Aves	Columbiformes	Columbidae	Columba	Columba livia		SPECIES	Columba livia J.F.Gmelin, 1789	Columba livia	Gmelin, 1789	CL	Fundo El Almendral	Región Metropolitana de Santiago	PRESENT	30	bf0d80b3-46da-4e60-b1cf-39f2320acb43									2020-03-28	28	3	2020	XBFW	XBFW	HUMAN_OBSERVATION	MMA:GEFMONT	GEFMONT:ALM:U	ALM:U10:M4_4		Sergio Alvarado;Francisco Santander		CC_BY_4_0		Sergio Alvarado		introduced	2026-07-18T20:27:20.914Z		OCCURRENCE_STATUS_INFERRED_FROM_INDIVIDUAL_COUNT
3359689558	ec377d02-c837-445a-9a35-d600adbf0ba0	MMA:GEFMONT:ALM:U10:M4_3	Animalia	Chordata	Aves	Passeriformes	Troglodytidae	Troglodytes	Troglodytes aedon		SPECIES	Troglodytes aedon Vieillot, 1809	Troglodytes aedon	Vieillot, 1809	CL	Fundo El Almendral	Región Metropolitana de Santiago	PRESENT	1	bf0d80b3-46da-4e60-b1cf-39f2320acb43									2020-03-28	28	3	2020	598SY	598SY	HUMAN_OBSERVATION	MMA:GEFMONT	GEFMONT:ALM:U	ALM:U10:M4_3		Sergio Alvarado;Francisco Santander		CC_BY_4_0		Sergio Alvarado		native	2026-07-18T20:27:20.914Z		OCCURRENCE_STATUS_INFERRED_FROM_INDIVIDUAL_COUNT
3359689557	ec377d02-c837-445a-9a35-d600adbf0ba0	MMA:GEFMONT:ALM:U10:M4_2	Animalia	Chordata	Aves	Passeriformes	Icteridae	Curaeus	Curaeus curaeus		SPECIES	Curaeus curaeus (Molina, 1782)	Curaeus curaeus	Molina, 1782	CL	Fundo El Almendral	Región Metropolitana de Santiago	PRESENT	1	bf0d80b3-46da-4e60-b1cf-39f2320acb43									2020-03-28	28	3	2020	32G3G	32G3G	HUMAN_OBSERVATION	MMA:GEFMONT	GEFMONT:ALM:U	ALM:U10:M4_2		Sergio Alvarado;Francisco Santander		CC_BY_4_0		Sergio Alvarado		native	2026-07-18T20:27:20.914Z		OCCURRENCE_STATUS_INFERRED_FROM_INDIVIDUAL_COUNT
3359689556	ec377d02-c837-445a-9a35-d600adbf0ba0	MMA:GEFMONT:ALM:U10:M4_1	Animalia	Chordata	Aves	Accipitriformes	Accipitridae	Parabuteo	Parabuteo unicinctus		SPECIES	Parabuteo unicinctus (Temminck, 1824)	Parabuteo unicinctus	Temminck, 1824	CL	Fundo El Almendral	Región Metropolitana de Santiago	PRESENT	1	bf0d80b3-46da-4e60-b1cf-39f2320acb43									2020-03-28	28	3	2020	4CN4R	4CN4R	HUMAN_OBSERVATION	MMA:GEFMONT	GEFMONT:ALM:U	ALM:U10:M4_1		Sergio Alvarado;Francisco Santander		CC_BY_4_0		Sergio Alvarado		native	2026-07-18T20:27:20.913Z		OCCURRENCE_STATUS_INFERRED_FROM_INDIVIDUAL_COUNT
3359689555	ec377d02-c837-445a-9a35-d600adbf0ba0	MMA:GEFMONT:ALM:U5:M7_4	Animalia	Chordata	Aves	Piciformes	Picidae	Colaptes	Colaptes pitius		SPECIES	Colaptes pitius (Molina, 1782)	Colaptes pitius	Molina, 1782	CL	Fundo El Almendral	Región Metropolitana de Santiago	PRESENT	1	bf0d80b3-46da-4e60-b1cf-39f2320acb43									2020-08-28	28	8	2020	WX2S	WX2S	HUMAN_OBSERVATION	MMA:GEFMONT	GEFMONT:ALM:U	ALM:U5:M7_4		Sergio Alvarado;Francisco Santander		CC_BY_4_0		Sergio Alvarado		native	2026-07-18T20:27:20.913Z		OCCURRENCE_STATUS_INFERRED_FROM_INDIVIDUAL_COUNT
3359689554	ec377d02-c837-445a-9a35-d600adbf0ba0	MMA:GEFMONT:ALM:U2:M3_3	Animalia	Chordata	Aves	Passeriformes	Rhinocryptidae	Pteroptochos	Pteroptochos megapodius		SPECIES	Pteroptochos megapodius Kittlitz, 1830	Pteroptochos megapodius	Kittlitz, 1830	CL	Fundo El Almendral	Región Metropolitana de Santiago	PRESENT	1	bf0d80b3-46da-4e60-b1cf-39f2320acb43									2020-02-29	29	2	2020	4Q2S6	4Q2S6	HUMAN_OBSERVATION	MMA:GEFMONT	GEFMONT:ALM:U	ALM:U2:M3_3		Sergio Alvarado;Francisco Santander		CC_BY_4_0		Sergio Alvarado		native	2026-07-18T20:27:20.913Z		OCCURRENCE_STATUS_INFERRED_FROM_INDIVIDUAL_COUNT
3359689553	ec377d02-c837-445a-9a35-d600adbf0ba0	MMA:GEFMONT:ALM:U5:M7_5	Animalia	Chordata	Aves	Charadriiformes	Charadriidae	Vanellus	Vanellus chilensis		SPECIES	Vanellus chilensis (Molina, 1782)	Vanellus chilensis	Molina, 1782	CL	Fundo El Almendral	Región Metropolitana de Santiago	PRESENT	2	bf0d80b3-46da-4e60-b1cf-39f2320acb43									2020-08-28	28	8	2020	7FFJ9	7FFJ9	HUMAN_OBSERVATION	MMA:GEFMONT	GEFMONT:ALM:U	ALM:U5:M7_5		Sergio Alvarado;Francisco Santander		CC_BY_4_0		Sergio Alvarado		native	2026-07-18T20:27:20.913Z		OCCURRENCE_STATUS_INFERRED_FROM_INDIVIDUAL_COUNT
3359689552	ec377d02-c837-445a-9a35-d600adbf0ba0	MMA:GEFMONT:ALM:U5:M7_2	Animalia	Chordata	Aves	Passeriformes	Passerellidae	Zonotrichia	Zonotrichia capensis		SPECIES	Zonotrichia capensis (P.L.S.Müller, 1776)	Zonotrichia capensis	Statius Müller, 1776	CL	Fundo El Almendral	Región Metropolitana de Santiago	PRESENT	1	bf0d80b3-46da-4e60-b1cf-39f2320acb43									2020-08-28	28	8	2020	5D763	5D763	HUMAN_OBSERVATION	MMA:GEFMONT	GEFMONT:ALM:U	ALM:U5:M7_2		Sergio Alvarado;Francisco Santander		CC_BY_4_0		Sergio Alvarado		native	2026-07-18T20:27:20.913Z		OCCURRENCE_STATUS_INFERRED_FROM_INDIVIDUAL_COUNT
3359689551	ec377d02-c837-445a-9a35-d600adbf0ba0	MMA:GEFMONT:ALM:U5:M7_3	Animalia	Chordata	Aves	Passeriformes	Icteridae	Leistes	Leistes loyca		SPECIES	Leistes loyca (Molina, 1782)	Leistes loyca	Molina, 1782	CL	Fundo El Almendral	Región Metropolitana de Santiago	PRESENT	2	bf0d80b3-46da-4e60-b1cf-39f2320acb43									2020-08-28	28	8	2020	DDCWV	DDCWV	HUMAN_OBSERVATION	MMA:GEFMONT	GEFMONT:ALM:U	ALM:U5:M7_3		Sergio Alvarado;Francisco Santander		CC_BY_4_0		Sergio Alvarado		native	2026-07-18T20:27:20.912Z		OCCURRENCE_STATUS_INFERRED_FROM_INDIVIDUAL_COUNT
3359689550	ec377d02-c837-445a-9a35-d600adbf0ba0	MMA:GEFMONT:ALM:E5:M1_2	Animalia	Chordata	Aves	Accipitriformes	Accipitridae	Parabuteo	Parabuteo unicinctus		SPECIES	Parabuteo unicinctus (Temminck, 1824)	Parabuteo unicinctus	Temminck, 1824	CL	Fundo El Almendral	Región Metropolitana de Santiago	PRESENT	1	bf0d80b3-46da-4e60-b1cf-39f2320acb43									2019-12-27	27	12	2019	4CN4R	4CN4R	HUMAN_OBSERVATION	MMA:GEFMONT	GEFMONT:ALM:E	ALM:E5:M1_2		Sergio Alvarado;Francisco Santander		CC_BY_4_0		Sergio Alvarado		native	2026-07-18T20:27:20.912Z		OCCURRENCE_STATUS_INFERRED_FROM_INDIVIDUAL_COUNT
3359689549	ec377d02-c837-445a-9a35-d600adbf0ba0	MMA:GEFMONT:ALM:U5:M7_1	Animalia	Chordata	Aves	Passeriformes	Icteridae	Curaeus	Curaeus curaeus		SPECIES	Curaeus curaeus (Molina, 1782)	Curaeus curaeus	Molina, 1782	CL	Fundo El Almendral	Región Metropolitana de Santiago	PRESENT	3	bf0d80b3-46da-4e60-b1cf-39f2320acb43									2020-08-28	28	8	2020	32G3G	32G3G	HUMAN_OBSERVATION	MMA:GEFMONT	GEFMONT:ALM:U	ALM:U5:M7_1		Sergio Alvarado;Francisco Santander		CC_BY_4_0		Sergio Alvarado		native	2026-07-18T20:27:20.912Z		OCCURRENCE_STATUS_INFERRED_FROM_INDIVIDUAL_COUNT
3359689548	ec377d02-c837-445a-9a35-d600adbf0ba0	MMA:GEFMONT:ALM:U2:M3_1	Animalia	Chordata	Aves	Passeriformes	Troglodytidae	Troglodytes	Troglodytes aedon		SPECIES	Troglodytes aedon Vieillot, 1809	Troglodytes aedon	Vieillot, 1809	CL	Fundo El Almendral	Región Metropolitana de Santiago	PRESENT	1	bf0d80b3-46da-4e60-b1cf-39f2320acb43									2020-02-29	29	2	2020	598SY	598SY	HUMAN_OBSERVATION	MMA:GEFMONT	GEFMONT:ALM:U	ALM:U2:M3_1		Sergio Alvarado;Francisco Santander		CC_BY_4_0		Sergio Alvarado		native	2026-07-18T20:27:20.912Z		OCCURRENCE_STATUS_INFERRED_FROM_INDIVIDUAL_COUNT
3359689547	ec377d02-c837-445a-9a35-d600adbf0ba0	MMA:GEFMONT:ALM:U2:M3_2	Animalia	Chordata	Aves	Galliformes	Odontophoridae	Callipepla	Callipepla californica		SPECIES	Callipepla californica (Shaw, 1798)	Callipepla californica	Shaw, 1798	CL	Fundo El Almendral	Región Metropolitana de Santiago	PRESENT	1	bf0d80b3-46da-4e60-b1cf-39f2320acb43									2020-02-29	29	2	2020	PSBS	PSBS	HUMAN_OBSERVATION	MMA:GEFMONT	GEFMONT:ALM:U	ALM:U2:M3_2		Sergio Alvarado;Francisco Santander		CC_BY_4_0		Sergio Alvarado		introduced	2026-07-18T20:27:20.911Z		OCCURRENCE_STATUS_INFERRED_FROM_INDIVIDUAL_COUNT
3359689546	ec377d02-c837-445a-9a35-d600adbf0ba0	MMA:GEFMONT:ALM:E5:M1_1	Animalia	Chordata	Aves	Falconiformes	Falconidae	Falco	Falco sparverius		SPECIES	Falco sparverius Linnaeus, 1758	Falco sparverius	Linnaeus, 1758	CL	Fundo El Almendral	Región Metropolitana de Santiago	PRESENT	1	bf0d80b3-46da-4e60-b1cf-39f2320acb43									2019-12-27	27	12	2019	3DTGT	3DTGT	HUMAN_OBSERVATION	MMA:GEFMONT	GEFMONT:ALM:E	ALM:E5:M1_1		Sergio Alvarado;Francisco Santander		CC_BY_4_0		Sergio Alvarado		native	2026-07-18T20:27:20.911Z		OCCURRENCE_STATUS_INFERRED_FROM_INDIVIDUAL_COUNT
3359689545	ec377d02-c837-445a-9a35-d600adbf0ba0	MMA:GEFMONT:ALM:U6:M4_3	Animalia	Chordata	Aves	Columbiformes	Columbidae	Zenaida	Zenaida auriculata		SPECIES	Zenaida auriculata (Des Murs, 1847)	Zenaida auriculata	Des Murs, 1847	CL	Fundo El Almendral	Región Metropolitana de Santiago	PRESENT	4	bf0d80b3-46da-4e60-b1cf-39f2320acb43									2020-03-28	28	3	2020	5D2BV	5D2BV	HUMAN_OBSERVATION	MMA:GEFMONT	GEFMONT:ALM:U	ALM:U6:M4_3		Sergio Alvarado;Francisco Santander		CC_BY_4_0		Sergio Alvarado		native	2026-07-18T20:27:20.911Z		OCCURRENCE_STATUS_INFERRED_FROM_INDIVIDUAL_COUNT
3359689544	ec377d02-c837-445a-9a35-d600adbf0ba0	MMA:GEFMONT:ALM:U6:M4_2	Animalia	Chordata	Aves	Passeriformes	Icteridae	Leistes	Leistes loyca		SPECIES	Leistes loyca (Molina, 1782)	Leistes loyca	Molina, 1782	CL	Fundo El Almendral	Región Metropolitana de Santiago	PRESENT	1	bf0d80b3-46da-4e60-b1cf-39f2320acb43									2020-03-28	28	3	2020	DDCWV	DDCWV	HUMAN_OBSERVATION	MMA:GEFMONT	GEFMONT:ALM:U	ALM:U6:M4_2		Sergio Alvarado;Francisco Santander		CC_BY_4_0		Sergio Alvarado		native	2026-07-18T20:27:20.911Z		OCCURRENCE_STATUS_INFERRED_FROM_INDIVIDUAL_COUNT
3359689543	ec377d02-c837-445a-9a35-d600adbf0ba0	MMA:GEFMONT:ALM:U6:M4_4	Animalia	Chordata	Aves	Passeriformes	Turdidae	Turdus	Turdus falcklandii		SPECIES	Turdus falcklandii Quoy & Gaimard, 1824	Turdus falcklandii	Quoy & Gaimard, 1824	CL	Fundo El Almendral	Región Metropolitana de Santiago	PRESENT	1	bf0d80b3-46da-4e60-b1cf-39f2320acb43									2020-03-28	28	3	2020	7CZ7W	7CZ7W	HUMAN_OBSERVATION	MMA:GEFMONT	GEFMONT:ALM:U	ALM:U6:M4_4		Sergio Alvarado;Francisco Santander		CC_BY_4_0		Sergio Alvarado		native	2026-07-18T20:27:20.911Z		OCCURRENCE_STATUS_INFERRED_FROM_INDIVIDUAL_COUNT
3359689542	ec377d02-c837-445a-9a35-d600adbf0ba0	MMA:GEFMONT:ALM:U9:M4_3	Animalia	Chordata	Aves	Passeriformes	Turdidae	Turdus	Turdus falcklandii		SPECIES	Turdus falcklandii Quoy & Gaimard, 1824	Turdus falcklandii	Quoy & Gaimard, 1824	CL	Fundo El Almendral	Región Metropolitana de Santiago	PRESENT	3	bf0d80b3-46da-4e60-b1cf-39f2320acb43									2020-03-28	28	3	2020	7CZ7W	7CZ7W	HUMAN_OBSERVATION	MMA:GEFMONT	GEFMONT:ALM:U	ALM:U9:M4_3		Sergio Alvarado;Francisco Santander		CC_BY_4_0		Sergio Alvarado		native	2026-07-18T20:27:20.910Z		OCCURRENCE_STATUS_INFERRED_FROM_INDIVIDUAL_COUNT
3359689541	ec377d02-c837-445a-9a35-d600adbf0ba0	MMA:GEFMONT:ALM:U9:M4_1	Animalia	Chordata	Aves	Passeriformes	Thraupidae	Diuca	Diuca diuca		SPECIES	Diuca diuca (Molina, 1782)	Diuca diuca	Molina, 1782	CL	Fundo El Almendral	Región Metropolitana de Santiago	PRESENT	1	bf0d80b3-46da-4e60-b1cf-39f2320acb43									2020-03-28	28	3	2020	36ZKR	36ZKR	HUMAN_OBSERVATION	MMA:GEFMONT	GEFMONT:ALM:U	ALM:U9:M4_1		Sergio Alvarado;Francisco Santander		CC_BY_4_0		Sergio Alvarado		native	2026-07-18T20:27:20.910Z		OCCURRENCE_STATUS_INFERRED_FROM_INDIVIDUAL_COUNT
3359689540	ec377d02-c837-445a-9a35-d600adbf0ba0	MMA:GEFMONT:ALM:U6:M4_1	Animalia	Chordata	Aves	Passeriformes	Thraupidae	Diuca	Diuca diuca		SPECIES	Diuca diuca (Molina, 1782)	Diuca diuca	Molina, 1782	CL	Fundo El Almendral	Región Metropolitana de Santiago	PRESENT	1	bf0d80b3-46da-4e60-b1cf-39f2320acb43									2020-03-28	28	3	2020	36ZKR	36ZKR	HUMAN_OBSERVATION	MMA:GEFMONT	GEFMONT:ALM:U	ALM:U6:M4_1		Sergio Alvarado;Francisco Santander		CC_BY_4_0		Sergio Alvarado		native	2026-07-18T20:27:20.910Z		OCCURRENCE_STATUS_INFERRED_FROM_INDIVIDUAL_COUNT
3359689539	ec377d02-c837-445a-9a35-d600adbf0ba0	MMA:GEFMONT:ALM:U9:M4_2	Animalia	Chordata	Aves	Columbiformes	Columbidae	Zenaida	Zenaida auriculata		SPECIES	Zenaida auriculata (Des Murs, 1847)	Zenaida auriculata	Des Murs, 1847	CL	Fundo El Almendral	Región Metropolitana de Santiago	PRESENT	1	bf0d80b3-46da-4e60-b1cf-39f2320acb43									2020-03-28	28	3	2020	5D2BV	5D2BV	HUMAN_OBSERVATION	MMA:GEFMONT	GEFMONT:ALM:U	ALM:U9:M4_2		Sergio Alvarado;Francisco Santander		CC_BY_4_0		Sergio Alvarado		native	2026-07-18T20:27:20.910Z		OCCURRENCE_STATUS_INFERRED_FROM_INDIVIDUAL_COUNT
3359689538	ec377d02-c837-445a-9a35-d600adbf0ba0	MMA:GEFMONT:ALM:U10:M3_6	Animalia	Chordata	Aves	Columbiformes	Columbidae	Columbina	Columbina picui		SPECIES	Columbina picui (Temminck, 1813)	Columbina picui	Temminck, 1813	CL	Fundo El Almendral	Región Metropolitana de Santiago	PRESENT	3	bf0d80b3-46da-4e60-b1cf-39f2320acb43									2020-02-29	29	2	2020	5ZPZZ	5ZPZZ	HUMAN_OBSERVATION	MMA:GEFMONT	GEFMONT:ALM:U	ALM:U10:M3_6		Sergio Alvarado;Francisco Santander		CC_BY_4_0		Sergio Alvarado		native	2026-07-18T20:27:20.910Z		OCCURRENCE_STATUS_INFERRED_FROM_INDIVIDUAL_COUNT
3359689537	ec377d02-c837-445a-9a35-d600adbf0ba0	MMA:GEFMONT:ALM:U10:M3_5	Animalia	Chordata	Aves	Columbiformes	Columbidae	Zenaida	Zenaida auriculata		SPECIES	Zenaida auriculata (Des Murs, 1847)	Zenaida auriculata	Des Murs, 1847	CL	Fundo El Almendral	Región Metropolitana de Santiago	PRESENT	5	bf0d80b3-46da-4e60-b1cf-39f2320acb43									2020-02-29	29	2	2020	5D2BV	5D2BV	HUMAN_OBSERVATION	MMA:GEFMONT	GEFMONT:ALM:U	ALM:U10:M3_5		Sergio Alvarado;Francisco Santander		CC_BY_4_0		Sergio Alvarado		native	2026-07-18T20:27:20.909Z		OCCURRENCE_STATUS_INFERRED_FROM_INDIVIDUAL_COUNT
3359689536	ec377d02-c837-445a-9a35-d600adbf0ba0	MMA:GEFMONT:ALM:U10:M3_4	Animalia	Chordata	Aves	Charadriiformes	Charadriidae	Vanellus	Vanellus chilensis		SPECIES	Vanellus chilensis (Molina, 1782)	Vanellus chilensis	Molina, 1782	CL	Fundo El Almendral	Región Metropolitana de Santiago	PRESENT	6	bf0d80b3-46da-4e60-b1cf-39f2320acb43									2020-02-29	29	2	2020	7FFJ9	7FFJ9	HUMAN_OBSERVATION	MMA:GEFMONT	GEFMONT:ALM:U	ALM:U10:M3_4		Sergio Alvarado;Francisco Santander		CC_BY_4_0		Sergio Alvarado		native	2026-07-18T20:27:20.909Z		OCCURRENCE_STATUS_INFERRED_FROM_INDIVIDUAL_COUNT
3359689535	ec377d02-c837-445a-9a35-d600adbf0ba0	MMA:GEFMONT:ALM:U10:M3_3	Animalia	Chordata	Aves	Columbiformes	Columbidae	Columba	Columba livia		SPECIES	Columba livia J.F.Gmelin, 1789	Columba livia	Gmelin, 1789	CL	Fundo El Almendral	Región Metropolitana de Santiago	PRESENT	20	bf0d80b3-46da-4e60-b1cf-39f2320acb43									2020-02-29	29	2	2020	XBFW	XBFW	HUMAN_OBSERVATION	MMA:GEFMONT	GEFMONT:ALM:U	ALM:U10:M3_3		Sergio Alvarado;Francisco Santander		CC_BY_4_0		Sergio Alvarado		introduced	2026-07-18T20:27:20.909Z		OCCURRENCE_STATUS_INFERRED_FROM_INDIVIDUAL_COUNT
3359689534	ec377d02-c837-445a-9a35-d600adbf0ba0	MMA:GEFMONT:ALM:U10:M3_2	Animalia	Chordata	Aves	Falconiformes	Falconidae	Milvago	Milvago chimango		SPECIES	Milvago chimango (Vieillot, 1816)	Milvago chimango	Vieillot, 1816	CL	Fundo El Almendral	Región Metropolitana de Santiago	PRESENT	3	bf0d80b3-46da-4e60-b1cf-39f2320acb43									2020-02-29	29	2	2020	43DZ9	43DZ9	HUMAN_OBSERVATION	MMA:GEFMONT	GEFMONT:ALM:U	ALM:U10:M3_2		Sergio Alvarado;Francisco Santander		CC_BY_4_0		Sergio Alvarado		native	2026-07-18T20:27:20.909Z		OCCURRENCE_STATUS_INFERRED_FROM_INDIVIDUAL_COUNT
3359689533	ec377d02-c837-445a-9a35-d600adbf0ba0	MMA:GEFMONT:ALM:U10:M3_1	Animalia	Chordata	Aves	Accipitriformes	Accipitridae	Parabuteo	Parabuteo unicinctus		SPECIES	Parabuteo unicinctus (Temminck, 1824)	Parabuteo unicinctus	Temminck, 1824	CL	Fundo El Almendral	Región Metropolitana de Santiago	PRESENT	1	bf0d80b3-46da-4e60-b1cf-39f2320acb43									2020-02-29	29	2	2020	4CN4R	4CN4R	HUMAN_OBSERVATION	MMA:GEFMONT	GEFMONT:ALM:U	ALM:U10:M3_1		Sergio Alvarado;Francisco Santander		CC_BY_4_0		Sergio Alvarado		native	2026-07-18T20:27:20.909Z		OCCURRENCE_STATUS_INFERRED_FROM_INDIVIDUAL_COUNT
3359689532	ec377d02-c837-445a-9a35-d600adbf0ba0	MMA:GEFMONT:ALM:U2:M4_2	Animalia	Chordata	Aves	Charadriiformes	Charadriidae	Vanellus	Vanellus chilensis		SPECIES	Vanellus chilensis (Molina, 1782)	Vanellus chilensis	Molina, 1782	CL	Fundo El Almendral	Región Metropolitana de Santiago	PRESENT	3	bf0d80b3-46da-4e60-b1cf-39f2320acb43									2020-03-28	28	3	2020	7FFJ9	7FFJ9	HUMAN_OBSERVATION	MMA:GEFMONT	GEFMONT:ALM:U	ALM:U2:M4_2		Sergio Alvarado;Francisco Santander		CC_BY_4_0		Sergio Alvarado		native	2026-07-18T20:27:20.908Z		OCCURRENCE_STATUS_INFERRED_FROM_INDIVIDUAL_COUNT
3359689531	ec377d02-c837-445a-9a35-d600adbf0ba0	MMA:GEFMONT:ALM:U2:M4_3	Animalia	Chordata	Aves	Passeriformes	Icteridae	Curaeus	Curaeus curaeus		SPECIES	Curaeus curaeus (Molina, 1782)	Curaeus curaeus	Molina, 1782	CL	Fundo El Almendral	Región Metropolitana de Santiago	PRESENT	1	bf0d80b3-46da-4e60-b1cf-39f2320acb43									2020-03-28	28	3	2020	32G3G	32G3G	HUMAN_OBSERVATION	MMA:GEFMONT	GEFMONT:ALM:U	ALM:U2:M4_3		Sergio Alvarado;Francisco Santander		CC_BY_4_0		Sergio Alvarado		native	2026-07-18T20:27:20.908Z		OCCURRENCE_STATUS_INFERRED_FROM_INDIVIDUAL_COUNT
3359689530	ec377d02-c837-445a-9a35-d600adbf0ba0	MMA:GEFMONT:ALM:U5:M6_3	Animalia	Chordata	Aves	Passeriformes	Turdidae	Turdus	Turdus falcklandii		SPECIES	Turdus falcklandii Quoy & Gaimard, 1824	Turdus falcklandii	Quoy & Gaimard, 1824	CL	Fundo El Almendral	Región Metropolitana de Santiago	PRESENT	2	bf0d80b3-46da-4e60-b1cf-39f2320acb43									2020-06-01	1	6	2020	7CZ7W	7CZ7W	HUMAN_OBSERVATION	MMA:GEFMONT	GEFMONT:ALM:U	ALM:U5:M6_3		Sergio Alvarado;Francisco Santander		CC_BY_4_0		Sergio Alvarado		native	2026-07-18T20:27:20.908Z		OCCURRENCE_STATUS_INFERRED_FROM_INDIVIDUAL_COUNT
3359689529	ec377d02-c837-445a-9a35-d600adbf0ba0	MMA:GEFMONT:ALM:U5:M6_4	Animalia	Chordata	Aves	Passeriformes	Icteridae	Curaeus	Curaeus curaeus		SPECIES	Curaeus curaeus (Molina, 1782)	Curaeus curaeus	Molina, 1782	CL	Fundo El Almendral	Región Metropolitana de Santiago	PRESENT	3	bf0d80b3-46da-4e60-b1cf-39f2320acb43									2020-06-01	1	6	2020	32G3G	32G3G	HUMAN_OBSERVATION	MMA:GEFMONT	GEFMONT:ALM:U	ALM:U5:M6_4		Sergio Alvarado;Francisco Santander		CC_BY_4_0		Sergio Alvarado		native	2026-07-18T20:27:20.908Z		OCCURRENCE_STATUS_INFERRED_FROM_INDIVIDUAL_COUNT
3359689528	ec377d02-c837-445a-9a35-d600adbf0ba0	MMA:GEFMONT:ALM:U5:M6_1	Animalia	Chordata	Aves	Piciformes	Picidae	Colaptes	Colaptes pitius		SPECIES	Colaptes pitius (Molina, 1782)	Colaptes pitius	Molina, 1782	CL	Fundo El Almendral	Región Metropolitana de Santiago	PRESENT	2	bf0d80b3-46da-4e60-b1cf-39f2320acb43									2020-06-01	1	6	2020	WX2S	WX2S	HUMAN_OBSERVATION	MMA:GEFMONT	GEFMONT:ALM:U	ALM:U5:M6_1		Sergio Alvarado;Francisco Santander		CC_BY_4_0		Sergio Alvarado		native	2026-07-18T20:27:20.908Z		OCCURRENCE_STATUS_INFERRED_FROM_INDIVIDUAL_COUNT
3359689527	ec377d02-c837-445a-9a35-d600adbf0ba0	MMA:GEFMONT:ALM:U5:M6_2	Animalia	Chordata	Aves	Columbiformes	Columbidae	Zenaida	Zenaida auriculata		SPECIES	Zenaida auriculata (Des Murs, 1847)	Zenaida auriculata	Des Murs, 1847	CL	Fundo El Almendral	Región Metropolitana de Santiago	PRESENT	1	bf0d80b3-46da-4e60-b1cf-39f2320acb43									2020-06-01	1	6	2020	5D2BV	5D2BV	HUMAN_OBSERVATION	MMA:GEFMONT	GEFMONT:ALM:U	ALM:U5:M6_2		Sergio Alvarado;Francisco Santander		CC_BY_4_0		Sergio Alvarado		native	2026-07-18T20:27:20.907Z		OCCURRENCE_STATUS_INFERRED_FROM_INDIVIDUAL_COUNT
3359689526	ec377d02-c837-445a-9a35-d600adbf0ba0	MMA:GEFMONT:ALM:U2:M4_1	Animalia	Chordata	Aves	Galliformes	Odontophoridae	Callipepla	Callipepla californica		SPECIES	Callipepla californica (Shaw, 1798)	Callipepla californica	Shaw, 1798	CL	Fundo El Almendral	Región Metropolitana de Santiago	PRESENT	1	bf0d80b3-46da-4e60-b1cf-39f2320acb43									2020-03-28	28	3	2020	PSBS	PSBS	HUMAN_OBSERVATION	MMA:GEFMONT	GEFMONT:ALM:U	ALM:U2:M4_1		Sergio Alvarado;Francisco Santander		CC_BY_4_0		Sergio Alvarado		introduced	2026-07-18T20:27:20.907Z		OCCURRENCE_STATUS_INFERRED_FROM_INDIVIDUAL_COUNT
3359689525	ec377d02-c837-445a-9a35-d600adbf0ba0	MMA:GEFMONT:ALM:U9:M5_6	Animalia	Chordata	Aves	Columbiformes	Columbidae	Columbina	Columbina picui		SPECIES	Columbina picui (Temminck, 1813)	Columbina picui	Temminck, 1813	CL	Fundo El Almendral	Región Metropolitana de Santiago	PRESENT	3	bf0d80b3-46da-4e60-b1cf-39f2320acb43									2020-05-01	1	5	2020	5ZPZZ	5ZPZZ	HUMAN_OBSERVATION	MMA:GEFMONT	GEFMONT:ALM:U	ALM:U9:M5_6		Sergio Alvarado;Francisco Santander		CC_BY_4_0		Sergio Alvarado		native	2026-07-18T20:27:20.907Z		OCCURRENCE_STATUS_INFERRED_FROM_INDIVIDUAL_COUNT
3359689524	ec377d02-c837-445a-9a35-d600adbf0ba0	MMA:GEFMONT:ALM:U6:M3_4	Animalia	Chordata	Aves	Passeriformes	Icteridae	Curaeus	Curaeus curaeus		SPECIES	Curaeus curaeus (Molina, 1782)	Curaeus curaeus	Molina, 1782	CL	Fundo El Almendral	Región Metropolitana de Santiago	PRESENT	2	bf0d80b3-46da-4e60-b1cf-39f2320acb43									2020-02-29	29	2	2020	32G3G	32G3G	HUMAN_OBSERVATION	MMA:GEFMONT	GEFMONT:ALM:U	ALM:U6:M3_4		Sergio Alvarado;Francisco Santander		CC_BY_4_0		Sergio Alvarado		native	2026-07-18T20:27:20.907Z		OCCURRENCE_STATUS_INFERRED_FROM_INDIVIDUAL_COUNT
3359689523	ec377d02-c837-445a-9a35-d600adbf0ba0	MMA:GEFMONT:ALM:U6:M3_3	Animalia	Chordata	Aves	Passeriformes	Turdidae	Turdus	Turdus falcklandii		SPECIES	Turdus falcklandii Quoy & Gaimard, 1824	Turdus falcklandii	Quoy & Gaimard, 1824	CL	Fundo El Almendral	Región Metropolitana de Santiago	PRESENT	1	bf0d80b3-46da-4e60-b1cf-39f2320acb43									2020-02-29	29	2	2020	7CZ7W	7CZ7W	HUMAN_OBSERVATION	MMA:GEFMONT	GEFMONT:ALM:U	ALM:U6:M3_3		Sergio Alvarado;Francisco Santander		CC_BY_4_0		Sergio Alvarado		native	2026-07-18T20:27:20.907Z		OCCURRENCE_STATUS_INFERRED_FROM_INDIVIDUAL_COUNT
3359689522	ec377d02-c837-445a-9a35-d600adbf0ba0	MMA:GEFMONT:ALM:U9:M5_4	Animalia	Chordata	Aves	Passeriformes	Tyrannidae	Pyrope	Pyrope pyrope		SPECIES	Xolmis pyrope (Kittlitz, 1830)	Xolmis pyrope	Kittlitz, 1830	CL	Fundo El Almendral	Región Metropolitana de Santiago	PRESENT	3	bf0d80b3-46da-4e60-b1cf-39f2320acb43									2020-05-01	1	5	2020	5CGDR	CQY3W	HUMAN_OBSERVATION	MMA:GEFMONT	GEFMONT:ALM:U	ALM:U9:M5_4		Sergio Alvarado;Francisco Santander		CC_BY_4_0		Sergio Alvarado		native	2026-07-18T20:27:20.906Z		OCCURRENCE_STATUS_INFERRED_FROM_INDIVIDUAL_COUNT
3359689521	ec377d02-c837-445a-9a35-d600adbf0ba0	MMA:GEFMONT:ALM:U9:M5_5	Animalia	Chordata	Aves	Columbiformes	Columbidae	Zenaida	Zenaida auriculata		SPECIES	Zenaida auriculata (Des Murs, 1847)	Zenaida auriculata	Des Murs, 1847	CL	Fundo El Almendral	Región Metropolitana de Santiago	PRESENT	5	bf0d80b3-46da-4e60-b1cf-39f2320acb43									2020-05-01	1	5	2020	5D2BV	5D2BV	HUMAN_OBSERVATION	MMA:GEFMONT	GEFMONT:ALM:U	ALM:U9:M5_5		Sergio Alvarado;Francisco Santander		CC_BY_4_0		Sergio Alvarado		native	2026-07-18T20:27:20.906Z		OCCURRENCE_STATUS_INFERRED_FROM_INDIVIDUAL_COUNT
3359689520	ec377d02-c837-445a-9a35-d600adbf0ba0	MMA:GEFMONT:ALM:U9:M5_2	Animalia	Chordata	Aves	Passeriformes	Troglodytidae	Troglodytes	Troglodytes aedon		SPECIES	Troglodytes aedon Vieillot, 1809	Troglodytes aedon	Vieillot, 1809	CL	Fundo El Almendral	Región Metropolitana de Santiago	PRESENT	1	bf0d80b3-46da-4e60-b1cf-39f2320acb43									2020-05-01	1	5	2020	598SY	598SY	HUMAN_OBSERVATION	MMA:GEFMONT	GEFMONT:ALM:U	ALM:U9:M5_2		Sergio Alvarado;Francisco Santander		CC_BY_4_0		Sergio Alvarado		native	2026-07-18T20:27:20.906Z		OCCURRENCE_STATUS_INFERRED_FROM_INDIVIDUAL_COUNT
3359689519	ec377d02-c837-445a-9a35-d600adbf0ba0	MMA:GEFMONT:ALM:U9:M5_3	Animalia	Chordata	Aves	Galliformes	Odontophoridae	Callipepla	Callipepla californica		SPECIES	Callipepla californica (Shaw, 1798)	Callipepla californica	Shaw, 1798	CL	Fundo El Almendral	Región Metropolitana de Santiago	PRESENT	3	bf0d80b3-46da-4e60-b1cf-39f2320acb43									2020-05-01	1	5	2020	PSBS	PSBS	HUMAN_OBSERVATION	MMA:GEFMONT	GEFMONT:ALM:U	ALM:U9:M5_3		Sergio Alvarado;Francisco Santander		CC_BY_4_0		Sergio Alvarado		introduced	2026-07-18T20:27:20.906Z		OCCURRENCE_STATUS_INFERRED_FROM_INDIVIDUAL_COUNT
3359689518	ec377d02-c837-445a-9a35-d600adbf0ba0	MMA:GEFMONT:ALM:U6:M3_2	Animalia	Chordata	Aves	Columbiformes	Columbidae	Columbina	Columbina picui		SPECIES	Columbina picui (Temminck, 1813)	Columbina picui	Temminck, 1813	CL	Fundo El Almendral	Región Metropolitana de Santiago	PRESENT	1	bf0d80b3-46da-4e60-b1cf-39f2320acb43									2020-02-29	29	2	2020	5ZPZZ	5ZPZZ	HUMAN_OBSERVATION	MMA:GEFMONT	GEFMONT:ALM:U	ALM:U6:M3_2		Sergio Alvarado;Francisco Santander		CC_BY_4_0		Sergio Alvarado		native	2026-07-18T20:27:20.905Z		OCCURRENCE_STATUS_INFERRED_FROM_INDIVIDUAL_COUNT
3359689517	ec377d02-c837-445a-9a35-d600adbf0ba0	MMA:GEFMONT:ALM:U9:M5_1	Animalia	Chordata	Aves	Passeriformes	Tyrannidae	Anairetes	Anairetes parulus		SPECIES	Anairetes parulus (Kittlitz, 1830)	Anairetes parulus	Klittitz, 1830	CL	Fundo El Almendral	Región Metropolitana de Santiago	PRESENT	1	bf0d80b3-46da-4e60-b1cf-39f2320acb43									2020-05-01	1	5	2020	66K3Y	66K3Y	HUMAN_OBSERVATION	MMA:GEFMONT	GEFMONT:ALM:U	ALM:U9:M5_1		Sergio Alvarado;Francisco Santander		CC_BY_4_0		Sergio Alvarado		native	2026-07-18T20:27:20.905Z		OCCURRENCE_STATUS_INFERRED_FROM_INDIVIDUAL_COUNT
3359689516	ec377d02-c837-445a-9a35-d600adbf0ba0	MMA:GEFMONT:ALM:U6:M3_1	Animalia	Chordata	Aves	Columbiformes	Columbidae	Zenaida	Zenaida auriculata		SPECIES	Zenaida auriculata (Des Murs, 1847)	Zenaida auriculata	Des Murs, 1847	CL	Fundo El Almendral	Región Metropolitana de Santiago	PRESENT	2	bf0d80b3-46da-4e60-b1cf-39f2320acb43									2020-02-29	29	2	2020	5D2BV	5D2BV	HUMAN_OBSERVATION	MMA:GEFMONT	GEFMONT:ALM:U	ALM:U6:M3_1		Sergio Alvarado;Francisco Santander		CC_BY_4_0		Sergio Alvarado		native	2026-07-18T20:27:20.905Z		OCCURRENCE_STATUS_INFERRED_FROM_INDIVIDUAL_COUNT
3359689515	ec377d02-c837-445a-9a35-d600adbf0ba0	MMA:GEFMONT:ALM:U10:M2_3	Animalia	Chordata	Aves	Columbiformes	Columbidae	Zenaida	Zenaida auriculata		SPECIES	Zenaida auriculata (Des Murs, 1847)	Zenaida auriculata	Des Murs, 1847	CL	Fundo El Almendral	Región Metropolitana de Santiago	PRESENT	2	bf0d80b3-46da-4e60-b1cf-39f2320acb43									2020-01-25	25	1	2020	5D2BV	5D2BV	HUMAN_OBSERVATION	MMA:GEFMONT	GEFMONT:ALM:U	ALM:U10:M2_3		Sergio Alvarado;Francisco Santander		CC_BY_4_0		Sergio Alvarado		native	2026-07-18T20:27:20.905Z		OCCURRENCE_STATUS_INFERRED_FROM_INDIVIDUAL_COUNT
3359689514	ec377d02-c837-445a-9a35-d600adbf0ba0	MMA:GEFMONT:ALM:U10:M2_2	Animalia	Chordata	Aves	Charadriiformes	Charadriidae	Vanellus	Vanellus chilensis		SPECIES	Vanellus chilensis (Molina, 1782)	Vanellus chilensis	Molina, 1782	CL	Fundo El Almendral	Región Metropolitana de Santiago	PRESENT	5	bf0d80b3-46da-4e60-b1cf-39f2320acb43									2020-01-25	25	1	2020	7FFJ9	7FFJ9	HUMAN_OBSERVATION	MMA:GEFMONT	GEFMONT:ALM:U	ALM:U10:M2_2		Sergio Alvarado;Francisco Santander		CC_BY_4_0		Sergio Alvarado		native	2026-07-18T20:27:20.904Z		OCCURRENCE_STATUS_INFERRED_FROM_INDIVIDUAL_COUNT
3359689513	ec377d02-c837-445a-9a35-d600adbf0ba0	MMA:GEFMONT:ALM:U10:M2_1	Animalia	Chordata	Aves	Columbiformes	Columbidae	Columba	Columba livia		SPECIES	Columba livia J.F.Gmelin, 1789	Columba livia	Gmelin, 1789	CL	Fundo El Almendral	Región Metropolitana de Santiago	PRESENT	24	bf0d80b3-46da-4e60-b1cf-39f2320acb43									2020-01-25	25	1	2020	XBFW	XBFW	HUMAN_OBSERVATION	MMA:GEFMONT	GEFMONT:ALM:U	ALM:U10:M2_1		Sergio Alvarado;Francisco Santander		CC_BY_4_0		Sergio Alvarado		introduced	2026-07-18T20:27:20.899Z		OCCURRENCE_STATUS_INFERRED_FROM_INDIVIDUAL_COUNT
3359689512	ec377d02-c837-445a-9a35-d600adbf0ba0	MMA:GEFMONT:ALM:U5:M7_6	Animalia	Chordata	Aves	Passeriformes	Turdidae	Turdus	Turdus falcklandii		SPECIES	Turdus falcklandii Quoy & Gaimard, 1824	Turdus falcklandii	Quoy & Gaimard, 1824	CL	Fundo El Almendral	Región Metropolitana de Santiago	PRESENT	1	bf0d80b3-46da-4e60-b1cf-39f2320acb43									2020-08-28	28	8	2020	7CZ7W	7CZ7W	HUMAN_OBSERVATION	MMA:GEFMONT	GEFMONT:ALM:U	ALM:U5:M7_6		Sergio Alvarado;Francisco Santander		CC_BY_4_0		Sergio Alvarado		native	2026-07-18T20:27:20.899Z		OCCURRENCE_STATUS_INFERRED_FROM_INDIVIDUAL_COUNT
3359689511	ec377d02-c837-445a-9a35-d600adbf0ba0	MMA:GEFMONT:ALM:U2:M1_1	Animalia	Chordata	Aves	Accipitriformes	Accipitridae	Parabuteo	Parabuteo unicinctus		SPECIES	Parabuteo unicinctus (Temminck, 1824)	Parabuteo unicinctus	Temminck, 1824	CL	Fundo El Almendral	Región Metropolitana de Santiago	PRESENT	1	bf0d80b3-46da-4e60-b1cf-39f2320acb43									2019-12-27	27	12	2019	4CN4R	4CN4R	HUMAN_OBSERVATION	MMA:GEFMONT	GEFMONT:ALM:U	ALM:U2:M1_1		Sergio Alvarado;Francisco Santander		CC_BY_4_0		Sergio Alvarado		native	2026-07-18T20:27:20.899Z		OCCURRENCE_STATUS_INFERRED_FROM_INDIVIDUAL_COUNT
3359689510	ec377d02-c837-445a-9a35-d600adbf0ba0	MMA:GEFMONT:ALM:U2:M1_2	Animalia	Chordata	Aves	Columbiformes	Columbidae	Zenaida	Zenaida auriculata		SPECIES	Zenaida auriculata (Des Murs, 1847)	Zenaida auriculata	Des Murs, 1847	CL	Fundo El Almendral	Región Metropolitana de Santiago	PRESENT	2	bf0d80b3-46da-4e60-b1cf-39f2320acb43									2019-12-27	27	12	2019	5D2BV	5D2BV	HUMAN_OBSERVATION	MMA:GEFMONT	GEFMONT:ALM:U	ALM:U2:M1_2		Sergio Alvarado;Francisco Santander		CC_BY_4_0		Sergio Alvarado		native	2026-07-18T20:27:20.899Z		OCCURRENCE_STATUS_INFERRED_FROM_INDIVIDUAL_COUNT
3359689509	ec377d02-c837-445a-9a35-d600adbf0ba0	MMA:GEFMONT:ALM:U1:M8_2	Animalia	Chordata	Aves	Columbiformes	Columbidae	Columbina	Columbina picui		SPECIES	Columbina picui (Temminck, 1813)	Columbina picui	Temminck, 1813	CL	Fundo El Almendral	Región Metropolitana de Santiago	PRESENT	4	bf0d80b3-46da-4e60-b1cf-39f2320acb43									2020-10-01	1	10	2020	5ZPZZ	5ZPZZ	HUMAN_OBSERVATION	MMA:GEFMONT	GEFMONT:ALM:U	ALM:U1:M8_2		Sergio Alvarado;Francisco Santander		CC_BY_4_0		Sergio Alvarado		native	2026-07-18T20:27:20.899Z		OCCURRENCE_STATUS_INFERRED_FROM_INDIVIDUAL_COUNT
3359689508	ec377d02-c837-445a-9a35-d600adbf0ba0	MMA:GEFMONT:ALM:U6:M6_1	Animalia	Chordata	Aves	Galliformes	Odontophoridae	Callipepla	Callipepla californica		SPECIES	Callipepla californica (Shaw, 1798)	Callipepla californica	Shaw, 1798	CL	Fundo El Almendral	Región Metropolitana de Santiago	PRESENT	1	bf0d80b3-46da-4e60-b1cf-39f2320acb43									2020-06-01	1	6	2020	PSBS	PSBS	HUMAN_OBSERVATION	MMA:GEFMONT	GEFMONT:ALM:U	ALM:U6:M6_1		Sergio Alvarado;Francisco Santander		CC_BY_4_0		Sergio Alvarado		introduced	2026-07-18T20:27:20.898Z		OCCURRENCE_STATUS_INFERRED_FROM_INDIVIDUAL_COUNT
3359689507	ec377d02-c837-445a-9a35-d600adbf0ba0	MMA:GEFMONT:ALM:U1:M8_1	Animalia	Chordata	Aves	Galliformes	Odontophoridae	Callipepla	Callipepla californica		SPECIES	Callipepla californica (Shaw, 1798)	Callipepla californica	Shaw, 1798	CL	Fundo El Almendral	Región Metropolitana de Santiago	PRESENT	1	bf0d80b3-46da-4e60-b1cf-39f2320acb43									2020-10-01	1	10	2020	PSBS	PSBS	HUMAN_OBSERVATION	MMA:GEFMONT	GEFMONT:ALM:U	ALM:U1:M8_1		Sergio Alvarado;Francisco Santander		CC_BY_4_0		Sergio Alvarado		introduced	2026-07-18T20:27:20.898Z		OCCURRENCE_STATUS_INFERRED_FROM_INDIVIDUAL_COUNT
3359689506	ec377d02-c837-445a-9a35-d600adbf0ba0	MMA:GEFMONT:ALM:U6:M6_3	Animalia	Chordata	Aves	Passeriformes	Turdidae	Turdus	Turdus falcklandii		SPECIES	Turdus falcklandii Quoy & Gaimard, 1824	Turdus falcklandii	Quoy & Gaimard, 1824	CL	Fundo El Almendral	Región Metropolitana de Santiago	PRESENT	1	bf0d80b3-46da-4e60-b1cf-39f2320acb43									2020-06-01	1	6	2020	7CZ7W	7CZ7W	HUMAN_OBSERVATION	MMA:GEFMONT	GEFMONT:ALM:U	ALM:U6:M6_3		Sergio Alvarado;Francisco Santander		CC_BY_4_0		Sergio Alvarado		native	2026-07-18T20:27:20.898Z		OCCURRENCE_STATUS_INFERRED_FROM_INDIVIDUAL_COUNT
3359689505	ec377d02-c837-445a-9a35-d600adbf0ba0	MMA:GEFMONT:ALM:U1:M8_3	Animalia	Chordata	Aves	Passeriformes	Rhinocryptidae	Pteroptochos	Pteroptochos megapodius		SPECIES	Pteroptochos megapodius Kittlitz, 1830	Pteroptochos megapodius	Kittlitz, 1830	CL	Fundo El Almendral	Región Metropolitana de Santiago	PRESENT	1	bf0d80b3-46da-4e60-b1cf-39f2320acb43									2020-10-01	1	10	2020	4Q2S6	4Q2S6	HUMAN_OBSERVATION	MMA:GEFMONT	GEFMONT:ALM:U	ALM:U1:M8_3		Sergio Alvarado;Francisco Santander		CC_BY_4_0		Sergio Alvarado		native	2026-07-18T20:27:20.898Z		OCCURRENCE_STATUS_INFERRED_FROM_INDIVIDUAL_COUNT
3359689504	ec377d02-c837-445a-9a35-d600adbf0ba0	MMA:GEFMONT:ALM:U6:M6_2	Animalia	Chordata	Aves	Passeriformes	Furnariidae	Aphrastura	Aphrastura spinicauda		SPECIES	Aphrastura spinicauda (Gmelin, 1789)	Aphrastura spinicauda	Gmelin, 1789	CL	Fundo El Almendral	Región Metropolitana de Santiago	PRESENT	1	bf0d80b3-46da-4e60-b1cf-39f2320acb43									2020-06-01	1	6	2020	5VN2B	5VN2B	HUMAN_OBSERVATION	MMA:GEFMONT	GEFMONT:ALM:U	ALM:U6:M6_2		Sergio Alvarado;Francisco Santander		CC_BY_4_0		Sergio Alvarado		native	2026-07-18T20:27:20.898Z		OCCURRENCE_STATUS_INFERRED_FROM_INDIVIDUAL_COUNT
3359689503	ec377d02-c837-445a-9a35-d600adbf0ba0	MMA:GEFMONT:ALM:U9:M2_2	Animalia	Chordata	Aves	Passeriformes	Fringillidae	Spinus	Spinus barbatus		SPECIES	Spinus barbatus (Molina, 1782)	Spinus barbatus	Molina, 1782	CL	Fundo El Almendral	Región Metropolitana de Santiago	PRESENT	1	bf0d80b3-46da-4e60-b1cf-39f2320acb43									2020-01-25	25	1	2020	4Z65L	4Z65L	HUMAN_OBSERVATION	MMA:GEFMONT	GEFMONT:ALM:U	ALM:U9:M2_2		Sergio Alvarado;Francisco Santander		CC_BY_4_0		Sergio Alvarado		native	2026-07-18T20:27:20.897Z		OCCURRENCE_STATUS_INFERRED_FROM_INDIVIDUAL_COUNT
3359689502	ec377d02-c837-445a-9a35-d600adbf0ba0	MMA:GEFMONT:ALM:U9:M2_1	Animalia	Chordata	Aves	Falconiformes	Falconidae	Falco	Falco sparverius		SPECIES	Falco sparverius Linnaeus, 1758	Falco sparverius	Linnaeus, 1758	CL	Fundo El Almendral	Región Metropolitana de Santiago	PRESENT	1	bf0d80b3-46da-4e60-b1cf-39f2320acb43									2020-01-25	25	1	2020	3DTGT	3DTGT	HUMAN_OBSERVATION	MMA:GEFMONT	GEFMONT:ALM:U	ALM:U9:M2_1		Sergio Alvarado;Francisco Santander		CC_BY_4_0		Sergio Alvarado		native	2026-07-18T20:27:20.897Z		OCCURRENCE_STATUS_INFERRED_FROM_INDIVIDUAL_COUNT
3359689501	ec377d02-c837-445a-9a35-d600adbf0ba0	MMA:GEFMONT:ALM:U9:M2_3	Animalia	Chordata	Aves	Columbiformes	Columbidae	Columbina	Columbina picui		SPECIES	Columbina picui (Temminck, 1813)	Columbina picui	Temminck, 1813	CL	Fundo El Almendral	Región Metropolitana de Santiago	PRESENT	1	bf0d80b3-46da-4e60-b1cf-39f2320acb43									2020-01-25	25	1	2020	5ZPZZ	5ZPZZ	HUMAN_OBSERVATION	MMA:GEFMONT	GEFMONT:ALM:U	ALM:U9:M2_3		Sergio Alvarado;Francisco Santander		CC_BY_4_0		Sergio Alvarado		native	2026-07-18T20:27:20.897Z		OCCURRENCE_STATUS_INFERRED_FROM_INDIVIDUAL_COUNT
3359689500	ec377d02-c837-445a-9a35-d600adbf0ba0	MMA:GEFMONT:ALM:U10:M1_1	Animalia	Chordata	Aves	Passeriformes	Tyrannidae	Elaenia	Elaenia albiceps		SPECIES	Elaenia albiceps (Orbigny & Lafresnaye, 1837)	Elaenia albiceps	d'Orbigny y Lafresnaye, 1837	CL	Fundo El Almendral	Región Metropolitana de Santiago	PRESENT	2	bf0d80b3-46da-4e60-b1cf-39f2320acb43									2019-12-27	27	12	2019	38XGD	38XGD	HUMAN_OBSERVATION	MMA:GEFMONT	GEFMONT:ALM:U	ALM:U10:M1_1		Sergio Alvarado;Francisco Santander		CC_BY_4_0		Sergio Alvarado		native	2026-07-18T20:27:20.897Z		OCCURRENCE_STATUS_INFERRED_FROM_INDIVIDUAL_COUNT
3359689499	ec377d02-c837-445a-9a35-d600adbf0ba0	MMA:GEFMONT:ALM:U4:M4_3	Animalia	Chordata	Aves	Passeriformes	Icteridae	Leistes	Leistes loyca		SPECIES	Leistes loyca (Molina, 1782)	Leistes loyca	Molina, 1782	CL	Fundo El Almendral	Región Metropolitana de Santiago	PRESENT	1	bf0d80b3-46da-4e60-b1cf-39f2320acb43									2020-03-28	28	3	2020	DDCWV	DDCWV	HUMAN_OBSERVATION	MMA:GEFMONT	GEFMONT:ALM:U	ALM:U4:M4_3		Sergio Alvarado;Francisco Santander		CC_BY_4_0		Sergio Alvarado		native	2026-07-18T20:27:20.897Z		OCCURRENCE_STATUS_INFERRED_FROM_INDIVIDUAL_COUNT
3359689498	ec377d02-c837-445a-9a35-d600adbf0ba0	MMA:GEFMONT:ALM:U4:M4_2	Animalia	Chordata	Aves	Galliformes	Odontophoridae	Callipepla	Callipepla californica		SPECIES	Callipepla californica (Shaw, 1798)	Callipepla californica	Shaw, 1798	CL	Fundo El Almendral	Región Metropolitana de Santiago	PRESENT	1	bf0d80b3-46da-4e60-b1cf-39f2320acb43									2020-03-28	28	3	2020	PSBS	PSBS	HUMAN_OBSERVATION	MMA:GEFMONT	GEFMONT:ALM:U	ALM:U4:M4_2		Sergio Alvarado;Francisco Santander		CC_BY_4_0		Sergio Alvarado		introduced	2026-07-18T20:27:20.896Z		OCCURRENCE_STATUS_INFERRED_FROM_INDIVIDUAL_COUNT
3359689497	ec377d02-c837-445a-9a35-d600adbf0ba0	MMA:GEFMONT:ALM:U4:M4_1	Animalia	Chordata	Aves	Passeriformes	Troglodytidae	Troglodytes	Troglodytes aedon		SPECIES	Troglodytes aedon Vieillot, 1809	Troglodytes aedon	Vieillot, 1809	CL	Fundo El Almendral	Región Metropolitana de Santiago	PRESENT	1	bf0d80b3-46da-4e60-b1cf-39f2320acb43									2020-03-28	28	3	2020	598SY	598SY	HUMAN_OBSERVATION	MMA:GEFMONT	GEFMONT:ALM:U	ALM:U4:M4_1		Sergio Alvarado;Francisco Santander		CC_BY_4_0		Sergio Alvarado		native	2026-07-18T20:27:20.896Z		OCCURRENCE_STATUS_INFERRED_FROM_INDIVIDUAL_COUNT
3359689496	ec377d02-c837-445a-9a35-d600adbf0ba0	MMA:GEFMONT:ALM:U10:M1_3	Animalia	Chordata	Aves	Passeriformes	Turdidae	Turdus	Turdus falcklandii		SPECIES	Turdus falcklandii Quoy & Gaimard, 1824	Turdus falcklandii	Quoy & Gaimard, 1824	CL	Fundo El Almendral	Región Metropolitana de Santiago	PRESENT	3	bf0d80b3-46da-4e60-b1cf-39f2320acb43									2019-12-27	27	12	2019	7CZ7W	7CZ7W	HUMAN_OBSERVATION	MMA:GEFMONT	GEFMONT:ALM:U	ALM:U10:M1_3		Sergio Alvarado;Francisco Santander		CC_BY_4_0		Sergio Alvarado		native	2026-07-18T20:27:20.896Z		OCCURRENCE_STATUS_INFERRED_FROM_INDIVIDUAL_COUNT
3359689495	ec377d02-c837-445a-9a35-d600adbf0ba0	MMA:GEFMONT:ALM:U4:M4_5	Animalia	Chordata	Aves	Apodiformes	Trochilidae	Sephanoides	Sephanoides sephaniodes		SPECIES	Sephanoides sephanoides (R.Lesson & Garnot, 1827)	Sephanoides sephanoides	Lesson, 1827	CL	Fundo El Almendral	Región Metropolitana de Santiago	PRESENT	1	bf0d80b3-46da-4e60-b1cf-39f2320acb43									2020-03-28	28	3	2020	8J6ZQ	8J6ZP	HUMAN_OBSERVATION	MMA:GEFMONT	GEFMONT:ALM:U	ALM:U4:M4_5		Sergio Alvarado;Francisco Santander		CC_BY_4_0		Sergio Alvarado		native	2026-07-18T20:27:20.896Z		OCCURRENCE_STATUS_INFERRED_FROM_INDIVIDUAL_COUNT
3359689494	ec377d02-c837-445a-9a35-d600adbf0ba0	MMA:GEFMONT:ALM:U1:M7_1	Animalia	Chordata	Aves	Passeriformes	Troglodytidae	Troglodytes	Troglodytes aedon		SPECIES	Troglodytes aedon Vieillot, 1809	Troglodytes aedon	Vieillot, 1809	CL	Fundo El Almendral	Región Metropolitana de Santiago	PRESENT	1	bf0d80b3-46da-4e60-b1cf-39f2320acb43									2020-08-28	28	8	2020	598SY	598SY	HUMAN_OBSERVATION	MMA:GEFMONT	GEFMONT:ALM:U	ALM:U1:M7_1		Sergio Alvarado;Francisco Santander		CC_BY_4_0		Sergio Alvarado		native	2026-07-18T20:27:20.895Z		OCCURRENCE_STATUS_INFERRED_FROM_INDIVIDUAL_COUNT
3359689493	ec377d02-c837-445a-9a35-d600adbf0ba0	MMA:GEFMONT:ALM:U10:M1_2	Animalia	Chordata	Aves	Columbiformes	Columbidae	Zenaida	Zenaida auriculata		SPECIES	Zenaida auriculata (Des Murs, 1847)	Zenaida auriculata	Des Murs, 1847	CL	Fundo El Almendral	Región Metropolitana de Santiago	PRESENT	4	bf0d80b3-46da-4e60-b1cf-39f2320acb43									2019-12-27	27	12	2019	5D2BV	5D2BV	HUMAN_OBSERVATION	MMA:GEFMONT	GEFMONT:ALM:U	ALM:U10:M1_2		Sergio Alvarado;Francisco Santander		CC_BY_4_0		Sergio Alvarado		native	2026-07-18T20:27:20.891Z		OCCURRENCE_STATUS_INFERRED_FROM_INDIVIDUAL_COUNT
3359689492	ec377d02-c837-445a-9a35-d600adbf0ba0	MMA:GEFMONT:ALM:U4:M4_4	Animalia	Chordata	Aves	Piciformes	Picidae	Colaptes	Colaptes pitius		SPECIES	Colaptes pitius (Molina, 1782)	Colaptes pitius	Molina, 1782	CL	Fundo El Almendral	Región Metropolitana de Santiago	PRESENT	1	bf0d80b3-46da-4e60-b1cf-39f2320acb43									2020-03-28	28	3	2020	WX2S	WX2S	HUMAN_OBSERVATION	MMA:GEFMONT	GEFMONT:ALM:U	ALM:U4:M4_4		Sergio Alvarado;Francisco Santander		CC_BY_4_0		Sergio Alvarado		native	2026-07-18T20:27:20.891Z		OCCURRENCE_STATUS_INFERRED_FROM_INDIVIDUAL_COUNT
3359689491	ec377d02-c837-445a-9a35-d600adbf0ba0	MMA:GEFMONT:ALM:U8:M8_3	Animalia	Chordata	Aves	Passeriformes	Turdidae	Turdus	Turdus falcklandii		SPECIES	Turdus falcklandii Quoy & Gaimard, 1824	Turdus falcklandii	Quoy & Gaimard, 1824	CL	Fundo El Almendral	Región Metropolitana de Santiago	PRESENT	2	bf0d80b3-46da-4e60-b1cf-39f2320acb43									2020-10-01	1	10	2020	7CZ7W	7CZ7W	HUMAN_OBSERVATION	MMA:GEFMONT	GEFMONT:ALM:U	ALM:U8:M8_3		Sergio Alvarado;Francisco Santander		CC_BY_4_0		Sergio Alvarado		native	2026-07-18T20:27:20.891Z		OCCURRENCE_STATUS_INFERRED_FROM_INDIVIDUAL_COUNT
3359689490	ec377d02-c837-445a-9a35-d600adbf0ba0	MMA:GEFMONT:ALM:E5:M2_1	Animalia	Chordata	Aves	Passeriformes	Troglodytidae	Troglodytes	Troglodytes aedon		SPECIES	Troglodytes aedon Vieillot, 1809	Troglodytes aedon	Vieillot, 1809	CL	Fundo El Almendral	Región Metropolitana de Santiago	PRESENT	2	bf0d80b3-46da-4e60-b1cf-39f2320acb43									2020-01-25	25	1	2020	598SY	598SY	HUMAN_OBSERVATION	MMA:GEFMONT	GEFMONT:ALM:E	ALM:E5:M2_1		Sergio Alvarado;Francisco Santander		CC_BY_4_0		Sergio Alvarado		native	2026-07-18T20:27:20.891Z		OCCURRENCE_STATUS_INFERRED_FROM_INDIVIDUAL_COUNT
3359689489	ec377d02-c837-445a-9a35-d600adbf0ba0	MMA:GEFMONT:ALM:U8:M8_2	Animalia	Chordata	Aves	Columbiformes	Columbidae	Columbina	Columbina picui		SPECIES	Columbina picui (Temminck, 1813)	Columbina picui	Temminck, 1813	CL	Fundo El Almendral	Región Metropolitana de Santiago	PRESENT	1	bf0d80b3-46da-4e60-b1cf-39f2320acb43									2020-10-01	1	10	2020	5ZPZZ	5ZPZZ	HUMAN_OBSERVATION	MMA:GEFMONT	GEFMONT:ALM:U	ALM:U8:M8_2		Sergio Alvarado;Francisco Santander		CC_BY_4_0		Sergio Alvarado		native	2026-07-18T20:27:20.890Z		OCCURRENCE_STATUS_INFERRED_FROM_INDIVIDUAL_COUNT
3359689488	ec377d02-c837-445a-9a35-d600adbf0ba0	MMA:GEFMONT:ALM:U2:M2_1	Animalia	Chordata	Aves	Passeriformes	Tyrannidae	Elaenia	Elaenia albiceps		SPECIES	Elaenia albiceps (Orbigny & Lafresnaye, 1837)	Elaenia albiceps	d'Orbigny y Lafresnaye, 1837	CL	Fundo El Almendral	Región Metropolitana de Santiago	PRESENT	2	bf0d80b3-46da-4e60-b1cf-39f2320acb43									2020-01-25	25	1	2020	38XGD	38XGD	HUMAN_OBSERVATION	MMA:GEFMONT	GEFMONT:ALM:U	ALM:U2:M2_1		Sergio Alvarado;Francisco Santander		CC_BY_4_0		Sergio Alvarado		native	2026-07-18T20:27:20.890Z		OCCURRENCE_STATUS_INFERRED_FROM_INDIVIDUAL_COUNT
3359689487	ec377d02-c837-445a-9a35-d600adbf0ba0	MMA:GEFMONT:ALM:E5:M2_2	Animalia	Chordata	Aves	Accipitriformes	Accipitridae	Geranoaetus	Geranoaetus melanoleucus		SPECIES	Geranoaetus melanoleucus (Vieillot, 1819)	Geranoaetus melanoleucus	Vieillot, 1819	CL	Fundo El Almendral	Región Metropolitana de Santiago	PRESENT	1	bf0d80b3-46da-4e60-b1cf-39f2320acb43									2020-01-25	25	1	2020	3FVCC	3FVCC	HUMAN_OBSERVATION	MMA:GEFMONT	GEFMONT:ALM:E	ALM:E5:M2_2		Sergio Alvarado;Francisco Santander		CC_BY_4_0		Sergio Alvarado		native	2026-07-18T20:27:20.890Z		OCCURRENCE_STATUS_INFERRED_FROM_INDIVIDUAL_COUNT
3359689486	ec377d02-c837-445a-9a35-d600adbf0ba0	MMA:GEFMONT:ALM:N3:M7_1	Animalia	Chordata	Aves	Strigiformes	Strigidae	Glaucidium	Glaucidium nana		SPECIES	Glaucidium nana (P.P.King, 1827)	Glaucidium nana	King, 1828	CL	Fundo El Almendral	Región Metropolitana de Santiago	PRESENT	1	bf0d80b3-46da-4e60-b1cf-39f2320acb43									2020-08-28	28	8	2020	3G644	3G644	HUMAN_OBSERVATION	MMA:GEFMONT	GEFMONT:ALM:N	ALM:N3:M7_1		Sergio Alvarado;Francisco Santander		CC_BY_4_0		Sergio Alvarado		native	2026-07-18T20:27:20.890Z		OCCURRENCE_STATUS_INFERRED_FROM_INDIVIDUAL_COUNT
3359689485	ec377d02-c837-445a-9a35-d600adbf0ba0	MMA:GEFMONT:ALM:U8:M8_1	Animalia	Chordata	Aves	Passeriformes	Furnariidae	Aphrastura	Aphrastura spinicauda		SPECIES	Aphrastura spinicauda (Gmelin, 1789)	Aphrastura spinicauda	Gmelin, 1789	CL	Fundo El Almendral	Región Metropolitana de Santiago	PRESENT	1	bf0d80b3-46da-4e60-b1cf-39f2320acb43									2020-10-01	1	10	2020	5VN2B	5VN2B	HUMAN_OBSERVATION	MMA:GEFMONT	GEFMONT:ALM:U	ALM:U8:M8_1		Sergio Alvarado;Francisco Santander		CC_BY_4_0		Sergio Alvarado		native	2026-07-18T20:27:20.890Z		OCCURRENCE_STATUS_INFERRED_FROM_INDIVIDUAL_COUNT
3359689484	ec377d02-c837-445a-9a35-d600adbf0ba0	MMA:GEFMONT:ALM:U2:M2_2	Animalia	Chordata	Aves	Columbiformes	Columbidae	Columbina	Columbina picui		SPECIES	Columbina picui (Temminck, 1813)	Columbina picui	Temminck, 1813	CL	Fundo El Almendral	Región Metropolitana de Santiago	PRESENT	2	bf0d80b3-46da-4e60-b1cf-39f2320acb43									2020-01-25	25	1	2020	5ZPZZ	5ZPZZ	HUMAN_OBSERVATION	MMA:GEFMONT	GEFMONT:ALM:U	ALM:U2:M2_2		Sergio Alvarado;Francisco Santander		CC_BY_4_0		Sergio Alvarado		native	2026-07-18T20:27:20.889Z		OCCURRENCE_STATUS_INFERRED_FROM_INDIVIDUAL_COUNT
3359689483	ec377d02-c837-445a-9a35-d600adbf0ba0	MMA:GEFMONT:ALM:U1:M7_3	Animalia	Chordata	Aves	Apodiformes	Trochilidae	Sephanoides	Sephanoides sephaniodes		SPECIES	Sephanoides sephanoides (R.Lesson & Garnot, 1827)	Sephanoides sephanoides	Lesson, 1827	CL	Fundo El Almendral	Región Metropolitana de Santiago	PRESENT	1	bf0d80b3-46da-4e60-b1cf-39f2320acb43									2020-08-28	28	8	2020	8J6ZQ	8J6ZP	HUMAN_OBSERVATION	MMA:GEFMONT	GEFMONT:ALM:U	ALM:U1:M7_3		Sergio Alvarado;Francisco Santander		CC_BY_4_0		Sergio Alvarado		native	2026-07-18T20:27:20.889Z		OCCURRENCE_STATUS_INFERRED_FROM_INDIVIDUAL_COUNT
3359689482	ec377d02-c837-445a-9a35-d600adbf0ba0	MMA:GEFMONT:ALM:U6:M5_2	Animalia	Chordata	Aves	Passeriformes	Passerellidae	Zonotrichia	Zonotrichia capensis		SPECIES	Zonotrichia capensis (P.L.S.Müller, 1776)	Zonotrichia capensis	Statius Müller, 1776	CL	Fundo El Almendral	Región Metropolitana de Santiago	PRESENT	1	bf0d80b3-46da-4e60-b1cf-39f2320acb43									2020-05-01	1	5	2020	5D763	5D763	HUMAN_OBSERVATION	MMA:GEFMONT	GEFMONT:ALM:U	ALM:U6:M5_2		Sergio Alvarado;Francisco Santander		CC_BY_4_0		Sergio Alvarado		native	2026-07-18T20:27:20.889Z		OCCURRENCE_STATUS_INFERRED_FROM_INDIVIDUAL_COUNT
3359689481	ec377d02-c837-445a-9a35-d600adbf0ba0	MMA:GEFMONT:ALM:U1:M7_2	Animalia	Chordata	Aves	Passeriformes	Fringillidae	Spinus	Spinus barbatus		SPECIES	Spinus barbatus (Molina, 1782)	Spinus barbatus	Molina, 1782	CL	Fundo El Almendral	Región Metropolitana de Santiago	PRESENT	1	bf0d80b3-46da-4e60-b1cf-39f2320acb43									2020-08-28	28	8	2020	4Z65L	4Z65L	HUMAN_OBSERVATION	MMA:GEFMONT	GEFMONT:ALM:U	ALM:U1:M7_2		Sergio Alvarado;Francisco Santander		CC_BY_4_0		Sergio Alvarado		native	2026-07-18T20:27:20.889Z		OCCURRENCE_STATUS_INFERRED_FROM_INDIVIDUAL_COUNT
3359689480	ec377d02-c837-445a-9a35-d600adbf0ba0	MMA:GEFMONT:ALM:U6:M5_1	Animalia	Chordata	Aves	Passeriformes	Tyrannidae	Anairetes	Anairetes parulus		SPECIES	Anairetes parulus (Kittlitz, 1830)	Anairetes parulus	Klittitz, 1830	CL	Fundo El Almendral	Región Metropolitana de Santiago	PRESENT	1	bf0d80b3-46da-4e60-b1cf-39f2320acb43									2020-05-01	1	5	2020	66K3Y	66K3Y	HUMAN_OBSERVATION	MMA:GEFMONT	GEFMONT:ALM:U	ALM:U6:M5_1		Sergio Alvarado;Francisco Santander		CC_BY_4_0		Sergio Alvarado		native	2026-07-18T20:27:20.888Z		OCCURRENCE_STATUS_INFERRED_FROM_INDIVIDUAL_COUNT
3359689479	ec377d02-c837-445a-9a35-d600adbf0ba0	MMA:GEFMONT:ALM:U1:M7_5	Animalia	Chordata	Aves	Passeriformes	Tyrannidae	Colorhamphus	Colorhamphus parvirostris		SPECIES	Colorhamphus parvirostris (Gould, Gray & GR, 1839)	Colorhamphus parvirostris	Gould, 1839	CL	Fundo El Almendral	Región Metropolitana de Santiago	PRESENT	1	bf0d80b3-46da-4e60-b1cf-39f2320acb43									2020-08-28	28	8	2020	CQ6ND	CQ6ND	HUMAN_OBSERVATION	MMA:GEFMONT	GEFMONT:ALM:U	ALM:U1:M7_5		Sergio Alvarado;Francisco Santander		CC_BY_4_0		Sergio Alvarado		native	2026-07-18T20:27:20.764Z		OCCURRENCE_STATUS_INFERRED_FROM_INDIVIDUAL_COUNT
3359689478	ec377d02-c837-445a-9a35-d600adbf0ba0	MMA:GEFMONT:ALM:U6:M5_4	Animalia	Chordata	Aves	Passeriformes	Fringillidae	Spinus	Spinus barbatus		SPECIES	Spinus barbatus (Molina, 1782)	Spinus barbatus	Molina, 1782	CL	Fundo El Almendral	Región Metropolitana de Santiago	PRESENT	1	bf0d80b3-46da-4e60-b1cf-39f2320acb43									2020-05-01	1	5	2020	4Z65L	4Z65L	HUMAN_OBSERVATION	MMA:GEFMONT	GEFMONT:ALM:U	ALM:U6:M5_4		Sergio Alvarado;Francisco Santander		CC_BY_4_0		Sergio Alvarado		native	2026-07-18T20:27:20.763Z		OCCURRENCE_STATUS_INFERRED_FROM_INDIVIDUAL_COUNT
3359689477	ec377d02-c837-445a-9a35-d600adbf0ba0	MMA:GEFMONT:ALM:U1:M7_4	Animalia	Chordata	Aves	Columbiformes	Columbidae	Zenaida	Zenaida auriculata		SPECIES	Zenaida auriculata (Des Murs, 1847)	Zenaida auriculata	Des Murs, 1847	CL	Fundo El Almendral	Región Metropolitana de Santiago	PRESENT	1	bf0d80b3-46da-4e60-b1cf-39f2320acb43									2020-08-28	28	8	2020	5D2BV	5D2BV	HUMAN_OBSERVATION	MMA:GEFMONT	GEFMONT:ALM:U	ALM:U1:M7_4		Sergio Alvarado;Francisco Santander		CC_BY_4_0		Sergio Alvarado		native	2026-07-18T20:27:20.763Z		OCCURRENCE_STATUS_INFERRED_FROM_INDIVIDUAL_COUNT
3359689476	ec377d02-c837-445a-9a35-d600adbf0ba0	MMA:GEFMONT:ALM:U6:M5_3	Animalia	Chordata	Aves	Passeriformes	Tyrannidae	Pyrope	Pyrope pyrope		SPECIES	Xolmis pyrope (Kittlitz, 1830)	Xolmis pyrope	Kittlitz, 1830	CL	Fundo El Almendral	Región Metropolitana de Santiago	PRESENT	2	bf0d80b3-46da-4e60-b1cf-39f2320acb43									2020-05-01	1	5	2020	5CGDR	CQY3W	HUMAN_OBSERVATION	MMA:GEFMONT	GEFMONT:ALM:U	ALM:U6:M5_3		Sergio Alvarado;Francisco Santander		CC_BY_4_0		Sergio Alvarado		native	2026-07-18T20:27:20.763Z		OCCURRENCE_STATUS_INFERRED_FROM_INDIVIDUAL_COUNT
3359689475	ec377d02-c837-445a-9a35-d600adbf0ba0	MMA:GEFMONT:ALM:U1:M7_6	Animalia	Chordata	Aves	Passeriformes	Turdidae	Turdus	Turdus falcklandii		SPECIES	Turdus falcklandii Quoy & Gaimard, 1824	Turdus falcklandii	Quoy & Gaimard, 1824	CL	Fundo El Almendral	Región Metropolitana de Santiago	PRESENT	1	bf0d80b3-46da-4e60-b1cf-39f2320acb43									2020-08-28	28	8	2020	7CZ7W	7CZ7W	HUMAN_OBSERVATION	MMA:GEFMONT	GEFMONT:ALM:U	ALM:U1:M7_6		Sergio Alvarado;Francisco Santander		CC_BY_4_0		Sergio Alvarado		native	2026-07-18T20:27:20.763Z		OCCURRENCE_STATUS_INFERRED_FROM_INDIVIDUAL_COUNT
3359689474	ec377d02-c837-445a-9a35-d600adbf0ba0	MMA:GEFMONT:ALM:U9:M3_1	Animalia	Chordata	Aves	Passeriformes	Tyrannidae	Elaenia	Elaenia albiceps		SPECIES	Elaenia albiceps (Orbigny & Lafresnaye, 1837)	Elaenia albiceps	d'Orbigny y Lafresnaye, 1837	CL	Fundo El Almendral	Región Metropolitana de Santiago	PRESENT	1	bf0d80b3-46da-4e60-b1cf-39f2320acb43									2020-02-29	29	2	2020	38XGD	38XGD	HUMAN_OBSERVATION	MMA:GEFMONT	GEFMONT:ALM:U	ALM:U9:M3_1		Sergio Alvarado;Francisco Santander		CC_BY_4_0		Sergio Alvarado		native	2026-07-18T20:27:20.763Z		OCCURRENCE_STATUS_INFERRED_FROM_INDIVIDUAL_COUNT
3359689473	ec377d02-c837-445a-9a35-d600adbf0ba0	MMA:GEFMONT:ALM:U9:M3_2	Animalia	Chordata	Aves	Columbiformes	Columbidae	Columbina	Columbina picui		SPECIES	Columbina picui (Temminck, 1813)	Columbina picui	Temminck, 1813	CL	Fundo El Almendral	Región Metropolitana de Santiago	PRESENT	1	bf0d80b3-46da-4e60-b1cf-39f2320acb43									2020-02-29	29	2	2020	5ZPZZ	5ZPZZ	HUMAN_OBSERVATION	MMA:GEFMONT	GEFMONT:ALM:U	ALM:U9:M3_2		Sergio Alvarado;Francisco Santander		CC_BY_4_0		Sergio Alvarado		native	2026-07-18T20:27:20.762Z		OCCURRENCE_STATUS_INFERRED_FROM_INDIVIDUAL_COUNT
3359689472	ec377d02-c837-445a-9a35-d600adbf0ba0	MMA:GEFMONT:ALM:U9:M3_3	Animalia	Chordata	Aves	Passeriformes	Turdidae	Turdus	Turdus falcklandii		SPECIES	Turdus falcklandii Quoy & Gaimard, 1824	Turdus falcklandii	Quoy & Gaimard, 1824	CL	Fundo El Almendral	Región Metropolitana de Santiago	PRESENT	1	bf0d80b3-46da-4e60-b1cf-39f2320acb43									2020-02-29	29	2	2020	7CZ7W	7CZ7W	HUMAN_OBSERVATION	MMA:GEFMONT	GEFMONT:ALM:U	ALM:U9:M3_3		Sergio Alvarado;Francisco Santander		CC_BY_4_0		Sergio Alvarado		native	2026-07-18T20:27:20.762Z		OCCURRENCE_STATUS_INFERRED_FROM_INDIVIDUAL_COUNT
3359689471	ec377d02-c837-445a-9a35-d600adbf0ba0	MMA:GEFMONT:ALM:U4:M5_2	Animalia	Chordata	Aves	Columbiformes	Columbidae	Zenaida	Zenaida auriculata		SPECIES	Zenaida auriculata (Des Murs, 1847)	Zenaida auriculata	Des Murs, 1847	CL	Fundo El Almendral	Región Metropolitana de Santiago	PRESENT	6	bf0d80b3-46da-4e60-b1cf-39f2320acb43									2020-05-01	1	5	2020	5D2BV	5D2BV	HUMAN_OBSERVATION	MMA:GEFMONT	GEFMONT:ALM:U	ALM:U4:M5_2		Sergio Alvarado;Francisco Santander		CC_BY_4_0		Sergio Alvarado		native	2026-07-18T20:27:20.762Z		OCCURRENCE_STATUS_INFERRED_FROM_INDIVIDUAL_COUNT
3359689470	ec377d02-c837-445a-9a35-d600adbf0ba0	MMA:GEFMONT:ALM:U4:M5_1	Animalia	Chordata	Aves	Galliformes	Odontophoridae	Callipepla	Callipepla californica		SPECIES	Callipepla californica (Shaw, 1798)	Callipepla californica	Shaw, 1798	CL	Fundo El Almendral	Región Metropolitana de Santiago	PRESENT	1	bf0d80b3-46da-4e60-b1cf-39f2320acb43									2020-05-01	1	5	2020	PSBS	PSBS	HUMAN_OBSERVATION	MMA:GEFMONT	GEFMONT:ALM:U	ALM:U4:M5_1		Sergio Alvarado;Francisco Santander		CC_BY_4_0		Sergio Alvarado		introduced	2026-07-18T20:27:20.762Z		OCCURRENCE_STATUS_INFERRED_FROM_INDIVIDUAL_COUNT
3359689469	ec377d02-c837-445a-9a35-d600adbf0ba0	MMA:GEFMONT:ALM:U1:M6_2	Animalia	Chordata	Aves	Galliformes	Odontophoridae	Callipepla	Callipepla californica		SPECIES	Callipepla californica (Shaw, 1798)	Callipepla californica	Shaw, 1798	CL	Fundo El Almendral	Región Metropolitana de Santiago	PRESENT	3	bf0d80b3-46da-4e60-b1cf-39f2320acb43									2020-06-01	1	6	2020	PSBS	PSBS	HUMAN_OBSERVATION	MMA:GEFMONT	GEFMONT:ALM:U	ALM:U1:M6_2		Sergio Alvarado;Francisco Santander		CC_BY_4_0		Sergio Alvarado		introduced	2026-07-18T20:27:20.761Z		OCCURRENCE_STATUS_INFERRED_FROM_INDIVIDUAL_COUNT
3359689468	ec377d02-c837-445a-9a35-d600adbf0ba0	MMA:GEFMONT:ALM:U1:M6_1	Animalia	Chordata	Aves	Passeriformes	Icteridae	Curaeus	Curaeus curaeus		SPECIES	Curaeus curaeus (Molina, 1782)	Curaeus curaeus	Molina, 1782	CL	Fundo El Almendral	Región Metropolitana de Santiago	PRESENT	1	bf0d80b3-46da-4e60-b1cf-39f2320acb43									2020-06-01	1	6	2020	32G3G	32G3G	HUMAN_OBSERVATION	MMA:GEFMONT	GEFMONT:ALM:U	ALM:U1:M6_1		Sergio Alvarado;Francisco Santander		CC_BY_4_0		Sergio Alvarado		native	2026-07-18T20:27:20.761Z		OCCURRENCE_STATUS_INFERRED_FROM_INDIVIDUAL_COUNT
3359689467	ec377d02-c837-445a-9a35-d600adbf0ba0	MMA:GEFMONT:ALM:U11:M8_2	Animalia	Chordata	Aves	Galliformes	Odontophoridae	Callipepla	Callipepla californica		SPECIES	Callipepla californica (Shaw, 1798)	Callipepla californica	Shaw, 1798	CL	Fundo El Almendral	Región Metropolitana de Santiago	PRESENT	1	bf0d80b3-46da-4e60-b1cf-39f2320acb43									2020-10-01	1	10	2020	PSBS	PSBS	HUMAN_OBSERVATION	MMA:GEFMONT	GEFMONT:ALM:U	ALM:U11:M8_2		Sergio Alvarado;Francisco Santander		CC_BY_4_0		Sergio Alvarado		introduced	2026-07-18T20:27:20.761Z		OCCURRENCE_STATUS_INFERRED_FROM_INDIVIDUAL_COUNT
3359689466	ec377d02-c837-445a-9a35-d600adbf0ba0	MMA:GEFMONT:ALM:U11:M8_3	Animalia	Chordata	Aves	Passeriformes	Tyrannidae	Elaenia	Elaenia albiceps		SPECIES	Elaenia albiceps (Orbigny & Lafresnaye, 1837)	Elaenia albiceps	d'Orbigny y Lafresnaye, 1837	CL	Fundo El Almendral	Región Metropolitana de Santiago	PRESENT	1	bf0d80b3-46da-4e60-b1cf-39f2320acb43									2020-10-01	1	10	2020	38XGD	38XGD	HUMAN_OBSERVATION	MMA:GEFMONT	GEFMONT:ALM:U	ALM:U11:M8_3		Sergio Alvarado;Francisco Santander		CC_BY_4_0		Sergio Alvarado		native	2026-07-18T20:27:20.761Z		OCCURRENCE_STATUS_INFERRED_FROM_INDIVIDUAL_COUNT
3359689465	ec377d02-c837-445a-9a35-d600adbf0ba0	MMA:GEFMONT:ALM:U11:M8_1	Animalia	Chordata	Aves	Passeriformes	Passerellidae	Zonotrichia	Zonotrichia capensis		SPECIES	Zonotrichia capensis (P.L.S.Müller, 1776)	Zonotrichia capensis	Statius Müller, 1776	CL	Fundo El Almendral	Región Metropolitana de Santiago	PRESENT	1	bf0d80b3-46da-4e60-b1cf-39f2320acb43									2020-10-01	1	10	2020	5D763	5D763	HUMAN_OBSERVATION	MMA:GEFMONT	GEFMONT:ALM:U	ALM:U11:M8_1		Sergio Alvarado;Francisco Santander		CC_BY_4_0		Sergio Alvarado		native	2026-07-18T20:27:20.761Z		OCCURRENCE_STATUS_INFERRED_FROM_INDIVIDUAL_COUNT
3359689464	ec377d02-c837-445a-9a35-d600adbf0ba0	MMA:GEFMONT:ALM:U8:M7_6	Animalia	Chordata	Aves	Passeriformes	Turdidae	Turdus	Turdus falcklandii		SPECIES	Turdus falcklandii Quoy & Gaimard, 1824	Turdus falcklandii	Quoy & Gaimard, 1824	CL	Fundo El Almendral	Región Metropolitana de Santiago	PRESENT	1	bf0d80b3-46da-4e60-b1cf-39f2320acb43									2020-08-28	28	8	2020	7CZ7W	7CZ7W	HUMAN_OBSERVATION	MMA:GEFMONT	GEFMONT:ALM:U	ALM:U8:M7_6		Sergio Alvarado;Francisco Santander		CC_BY_4_0		Sergio Alvarado		native	2026-07-18T20:27:20.760Z		OCCURRENCE_STATUS_INFERRED_FROM_INDIVIDUAL_COUNT
3359689463	ec377d02-c837-445a-9a35-d600adbf0ba0	MMA:GEFMONT:ALM:U8:M7_5	Animalia	Chordata	Aves	Columbiformes	Columbidae	Columbina	Columbina picui		SPECIES	Columbina picui (Temminck, 1813)	Columbina picui	Temminck, 1813	CL	Fundo El Almendral	Región Metropolitana de Santiago	PRESENT	1	bf0d80b3-46da-4e60-b1cf-39f2320acb43									2020-08-28	28	8	2020	5ZPZZ	5ZPZZ	HUMAN_OBSERVATION	MMA:GEFMONT	GEFMONT:ALM:U	ALM:U8:M7_5		Sergio Alvarado;Francisco Santander		CC_BY_4_0		Sergio Alvarado		native	2026-07-18T20:27:20.760Z		OCCURRENCE_STATUS_INFERRED_FROM_INDIVIDUAL_COUNT
3359689462	ec377d02-c837-445a-9a35-d600adbf0ba0	MMA:GEFMONT:ALM:U8:M7_4	Animalia	Chordata	Aves	Charadriiformes	Charadriidae	Vanellus	Vanellus chilensis		SPECIES	Vanellus chilensis (Molina, 1782)	Vanellus chilensis	Molina, 1782	CL	Fundo El Almendral	Región Metropolitana de Santiago	PRESENT	2	bf0d80b3-46da-4e60-b1cf-39f2320acb43									2020-08-28	28	8	2020	7FFJ9	7FFJ9	HUMAN_OBSERVATION	MMA:GEFMONT	GEFMONT:ALM:U	ALM:U8:M7_4		Sergio Alvarado;Francisco Santander		CC_BY_4_0		Sergio Alvarado		native	2026-07-18T20:27:20.760Z		OCCURRENCE_STATUS_INFERRED_FROM_INDIVIDUAL_COUNT
3359689461	ec377d02-c837-445a-9a35-d600adbf0ba0	MMA:GEFMONT:ALM:N3:M8_1	Animalia	Chordata	Aves	Strigiformes	Strigidae	Bubo	Bubo magellanicus		SPECIES	Bubo magellanicus (Gmelin, 1788)	Bubo magellanicus	Gmelin, 1788	CL	Fundo El Almendral	Región Metropolitana de Santiago	PRESENT	1	bf0d80b3-46da-4e60-b1cf-39f2320acb43									2020-10-01	1	10	2020	68SFN	68SFN	HUMAN_OBSERVATION	MMA:GEFMONT	GEFMONT:ALM:N	ALM:N3:M8_1		Sergio Alvarado;Francisco Santander		CC_BY_4_0		Sergio Alvarado		native	2026-07-18T20:27:20.760Z		OCCURRENCE_STATUS_INFERRED_FROM_INDIVIDUAL_COUNT
3359689460	ec377d02-c837-445a-9a35-d600adbf0ba0	MMA:GEFMONT:ALM:U8:M7_3	Animalia	Chordata	Aves	Piciformes	Picidae	Colaptes	Colaptes pitius		SPECIES	Colaptes pitius (Molina, 1782)	Colaptes pitius	Molina, 1782	CL	Fundo El Almendral	Región Metropolitana de Santiago	PRESENT	1	bf0d80b3-46da-4e60-b1cf-39f2320acb43									2020-08-28	28	8	2020	WX2S	WX2S	HUMAN_OBSERVATION	MMA:GEFMONT	GEFMONT:ALM:U	ALM:U8:M7_3		Sergio Alvarado;Francisco Santander		CC_BY_4_0		Sergio Alvarado		native	2026-07-18T20:27:20.759Z		OCCURRENCE_STATUS_INFERRED_FROM_INDIVIDUAL_COUNT
3359689459	ec377d02-c837-445a-9a35-d600adbf0ba0	MMA:GEFMONT:ALM:U8:M7_2	Animalia	Chordata	Aves	Passeriformes	Passerellidae	Zonotrichia	Zonotrichia capensis		SPECIES	Zonotrichia capensis (P.L.S.Müller, 1776)	Zonotrichia capensis	Statius Müller, 1776	CL	Fundo El Almendral	Región Metropolitana de Santiago	PRESENT	1	bf0d80b3-46da-4e60-b1cf-39f2320acb43									2020-08-28	28	8	2020	5D763	5D763	HUMAN_OBSERVATION	MMA:GEFMONT	GEFMONT:ALM:U	ALM:U8:M7_2		Sergio Alvarado;Francisco Santander		CC_BY_4_0		Sergio Alvarado		native	2026-07-18T20:27:20.759Z		OCCURRENCE_STATUS_INFERRED_FROM_INDIVIDUAL_COUNT
3359689458	ec377d02-c837-445a-9a35-d600adbf0ba0	MMA:GEFMONT:ALM:U8:M7_1	Animalia	Chordata	Aves	Accipitriformes	Accipitridae	Parabuteo	Parabuteo unicinctus		SPECIES	Parabuteo unicinctus (Temminck, 1824)	Parabuteo unicinctus	Temminck, 1824	CL	Fundo El Almendral	Región Metropolitana de Santiago	PRESENT	1	bf0d80b3-46da-4e60-b1cf-39f2320acb43									2020-08-28	28	8	2020	4CN4R	4CN4R	HUMAN_OBSERVATION	MMA:GEFMONT	GEFMONT:ALM:U	ALM:U8:M7_1		Sergio Alvarado;Francisco Santander		CC_BY_4_0		Sergio Alvarado		native	2026-07-18T20:27:20.759Z		OCCURRENCE_STATUS_INFERRED_FROM_INDIVIDUAL_COUNT
3359689457	ec377d02-c837-445a-9a35-d600adbf0ba0	MMA:GEFMONT:ALM:U1:M6_3	Animalia	Chordata	Aves	Passeriformes	Tyrannidae	Pyrope	Pyrope pyrope		SPECIES	Xolmis pyrope (Kittlitz, 1830)	Xolmis pyrope	Kittlitz, 1830	CL	Fundo El Almendral	Región Metropolitana de Santiago	PRESENT	2	bf0d80b3-46da-4e60-b1cf-39f2320acb43									2020-06-01	1	6	2020	5CGDR	CQY3W	HUMAN_OBSERVATION	MMA:GEFMONT	GEFMONT:ALM:U	ALM:U1:M6_3		Sergio Alvarado;Francisco Santander		CC_BY_4_0		Sergio Alvarado		native	2026-07-18T20:27:20.759Z		OCCURRENCE_STATUS_INFERRED_FROM_INDIVIDUAL_COUNT
3359689456	ec377d02-c837-445a-9a35-d600adbf0ba0	MMA:GEFMONT:ALM:U6:M8_1	Animalia	Chordata	Aves	Passeriformes	Icteridae	Curaeus	Curaeus curaeus		SPECIES	Curaeus curaeus (Molina, 1782)	Curaeus curaeus	Molina, 1782	CL	Fundo El Almendral	Región Metropolitana de Santiago	PRESENT	1	bf0d80b3-46da-4e60-b1cf-39f2320acb43									2020-10-01	1	10	2020	32G3G	32G3G	HUMAN_OBSERVATION	MMA:GEFMONT	GEFMONT:ALM:U	ALM:U6:M8_1		Sergio Alvarado;Francisco Santander		CC_BY_4_0		Sergio Alvarado		native	2026-07-18T20:27:20.758Z		OCCURRENCE_STATUS_INFERRED_FROM_INDIVIDUAL_COUNT
3359689455	ec377d02-c837-445a-9a35-d600adbf0ba0	MMA:GEFMONT:ALM:U6:M8_3	Animalia	Chordata	Aves	Columbiformes	Columbidae	Columbina	Columbina picui		SPECIES	Columbina picui (Temminck, 1813)	Columbina picui	Temminck, 1813	CL	Fundo El Almendral	Región Metropolitana de Santiago	PRESENT	1	bf0d80b3-46da-4e60-b1cf-39f2320acb43									2020-10-01	1	10	2020	5ZPZZ	5ZPZZ	HUMAN_OBSERVATION	MMA:GEFMONT	GEFMONT:ALM:U	ALM:U6:M8_3		Sergio Alvarado;Francisco Santander		CC_BY_4_0		Sergio Alvarado		native	2026-07-18T20:27:20.758Z		OCCURRENCE_STATUS_INFERRED_FROM_INDIVIDUAL_COUNT
3359689454	ec377d02-c837-445a-9a35-d600adbf0ba0	MMA:GEFMONT:ALM:U6:M8_2	Animalia	Chordata	Aves	Passeriformes	Hirundinidae	Tachycineta	Tachycineta leucopyga		SPECIES	Tachycineta leucopyga (Meyen, 1834)	Tachycineta leucopyga	Cabanis, 1850	CL	Fundo El Almendral	Región Metropolitana de Santiago	PRESENT	1	bf0d80b3-46da-4e60-b1cf-39f2320acb43									2020-10-01	1	10	2020	7BF75	7BF75	HUMAN_OBSERVATION	MMA:GEFMONT	GEFMONT:ALM:U	ALM:U6:M8_2		Sergio Alvarado;Francisco Santander		CC_BY_4_0		Sergio Alvarado		native	2026-07-18T20:27:20.671Z		OCCURRENCE_STATUS_INFERRED_FROM_INDIVIDUAL_COUNT
3359689453	ec377d02-c837-445a-9a35-d600adbf0ba0	MMA:GEFMONT:ALM:U6:M8_4	Animalia	Chordata	Aves	Passeriformes	Turdidae	Turdus	Turdus falcklandii		SPECIES	Turdus falcklandii Quoy & Gaimard, 1824	Turdus falcklandii	Quoy & Gaimard, 1824	CL	Fundo El Almendral	Región Metropolitana de Santiago	PRESENT	1	bf0d80b3-46da-4e60-b1cf-39f2320acb43									2020-10-01	1	10	2020	7CZ7W	7CZ7W	HUMAN_OBSERVATION	MMA:GEFMONT	GEFMONT:ALM:U	ALM:U6:M8_4		Sergio Alvarado;Francisco Santander		CC_BY_4_0		Sergio Alvarado		native	2026-07-18T20:27:20.671Z		OCCURRENCE_STATUS_INFERRED_FROM_INDIVIDUAL_COUNT
3359689452	ec377d02-c837-445a-9a35-d600adbf0ba0	MMA:GEFMONT:ALM:U7:M1_2	Animalia	Chordata	Aves	Passeriformes	Fringillidae	Spinus	Spinus barbatus		SPECIES	Spinus barbatus (Molina, 1782)	Spinus barbatus	Molina, 1782	CL	Fundo El Almendral	Región Metropolitana de Santiago	PRESENT	1	bf0d80b3-46da-4e60-b1cf-39f2320acb43									2019-12-27	27	12	2019	4Z65L	4Z65L	HUMAN_OBSERVATION	MMA:GEFMONT	GEFMONT:ALM:U	ALM:U7:M1_2		Sergio Alvarado;Francisco Santander		CC_BY_4_0		Sergio Alvarado		native	2026-07-18T20:27:20.670Z		OCCURRENCE_STATUS_INFERRED_FROM_INDIVIDUAL_COUNT
3359689451	ec377d02-c837-445a-9a35-d600adbf0ba0	MMA:GEFMONT:ALM:U7:M1_3	Animalia	Chordata	Aves	Columbiformes	Columbidae	Zenaida	Zenaida auriculata		SPECIES	Zenaida auriculata (Des Murs, 1847)	Zenaida auriculata	Des Murs, 1847	CL	Fundo El Almendral	Región Metropolitana de Santiago	PRESENT	4	bf0d80b3-46da-4e60-b1cf-39f2320acb43									2019-12-27	27	12	2019	5D2BV	5D2BV	HUMAN_OBSERVATION	MMA:GEFMONT	GEFMONT:ALM:U	ALM:U7:M1_3		Sergio Alvarado;Francisco Santander		CC_BY_4_0		Sergio Alvarado		native	2026-07-18T20:27:20.670Z		OCCURRENCE_STATUS_INFERRED_FROM_INDIVIDUAL_COUNT
3359689450	ec377d02-c837-445a-9a35-d600adbf0ba0	MMA:GEFMONT:ALM:U7:M1_4	Animalia	Chordata	Aves	Passeriformes	Turdidae	Turdus	Turdus falcklandii		SPECIES	Turdus falcklandii Quoy & Gaimard, 1824	Turdus falcklandii	Quoy & Gaimard, 1824	CL	Fundo El Almendral	Región Metropolitana de Santiago	PRESENT	1	bf0d80b3-46da-4e60-b1cf-39f2320acb43									2019-12-27	27	12	2019	7CZ7W	7CZ7W	HUMAN_OBSERVATION	MMA:GEFMONT	GEFMONT:ALM:U	ALM:U7:M1_4		Sergio Alvarado;Francisco Santander		CC_BY_4_0		Sergio Alvarado		native	2026-07-18T20:27:20.670Z		OCCURRENCE_STATUS_INFERRED_FROM_INDIVIDUAL_COUNT
3359689449	ec377d02-c837-445a-9a35-d600adbf0ba0	MMA:GEFMONT:ALM:U7:M1_1	Animalia	Chordata	Aves	Passeriformes	Tyrannidae	Elaenia	Elaenia albiceps		SPECIES	Elaenia albiceps (Orbigny & Lafresnaye, 1837)	Elaenia albiceps	d'Orbigny y Lafresnaye, 1837	CL	Fundo El Almendral	Región Metropolitana de Santiago	PRESENT	1	bf0d80b3-46da-4e60-b1cf-39f2320acb43									2019-12-27	27	12	2019	38XGD	38XGD	HUMAN_OBSERVATION	MMA:GEFMONT	GEFMONT:ALM:U	ALM:U7:M1_1		Sergio Alvarado;Francisco Santander		CC_BY_4_0		Sergio Alvarado		native	2026-07-18T20:27:20.670Z		OCCURRENCE_STATUS_INFERRED_FROM_INDIVIDUAL_COUNT
3359689448	ec377d02-c837-445a-9a35-d600adbf0ba0	MMA:GEFMONT:ALM:U4:M6_1	Animalia	Chordata	Aves	Passeriformes	Tyrannidae	Anairetes	Anairetes parulus		SPECIES	Anairetes parulus (Kittlitz, 1830)	Anairetes parulus	Klittitz, 1830	CL	Fundo El Almendral	Región Metropolitana de Santiago	PRESENT	1	bf0d80b3-46da-4e60-b1cf-39f2320acb43									2020-06-01	1	6	2020	66K3Y	66K3Y	HUMAN_OBSERVATION	MMA:GEFMONT	GEFMONT:ALM:U	ALM:U4:M6_1		Sergio Alvarado;Francisco Santander		CC_BY_4_0		Sergio Alvarado		native	2026-07-18T20:27:20.669Z		OCCURRENCE_STATUS_INFERRED_FROM_INDIVIDUAL_COUNT
3359689447	ec377d02-c837-445a-9a35-d600adbf0ba0	MMA:GEFMONT:ALM:U1:M5_1	Animalia	Chordata	Aves	Passeriformes	Icteridae	Curaeus	Curaeus curaeus		SPECIES	Curaeus curaeus (Molina, 1782)	Curaeus curaeus	Molina, 1782	CL	Fundo El Almendral	Región Metropolitana de Santiago	PRESENT	6	bf0d80b3-46da-4e60-b1cf-39f2320acb43									2020-05-01	1	5	2020	32G3G	32G3G	HUMAN_OBSERVATION	MMA:GEFMONT	GEFMONT:ALM:U	ALM:U1:M5_1		Sergio Alvarado;Francisco Santander		CC_BY_4_0		Sergio Alvarado		native	2026-07-18T20:27:20.669Z		OCCURRENCE_STATUS_INFERRED_FROM_INDIVIDUAL_COUNT
3359689446	ec377d02-c837-445a-9a35-d600adbf0ba0	MMA:GEFMONT:ALM:U4:M6_3	Animalia	Chordata	Aves	Passeriformes	Turdidae	Turdus	Turdus falcklandii		SPECIES	Turdus falcklandii Quoy & Gaimard, 1824	Turdus falcklandii	Quoy & Gaimard, 1824	CL	Fundo El Almendral	Región Metropolitana de Santiago	PRESENT	1	bf0d80b3-46da-4e60-b1cf-39f2320acb43									2020-06-01	1	6	2020	7CZ7W	7CZ7W	HUMAN_OBSERVATION	MMA:GEFMONT	GEFMONT:ALM:U	ALM:U4:M6_3		Sergio Alvarado;Francisco Santander		CC_BY_4_0		Sergio Alvarado		native	2026-07-18T20:27:20.669Z		OCCURRENCE_STATUS_INFERRED_FROM_INDIVIDUAL_COUNT
3359689445	ec377d02-c837-445a-9a35-d600adbf0ba0	MMA:GEFMONT:ALM:U1:M5_3	Animalia	Chordata	Aves	Piciformes	Picidae	Colaptes	Colaptes pitius		SPECIES	Colaptes pitius (Molina, 1782)	Colaptes pitius	Molina, 1782	CL	Fundo El Almendral	Región Metropolitana de Santiago	PRESENT	2	bf0d80b3-46da-4e60-b1cf-39f2320acb43									2020-05-01	1	5	2020	WX2S	WX2S	HUMAN_OBSERVATION	MMA:GEFMONT	GEFMONT:ALM:U	ALM:U1:M5_3		Sergio Alvarado;Francisco Santander		CC_BY_4_0		Sergio Alvarado		native	2026-07-18T20:27:20.669Z		OCCURRENCE_STATUS_INFERRED_FROM_INDIVIDUAL_COUNT
3359689444	ec377d02-c837-445a-9a35-d600adbf0ba0	MMA:GEFMONT:ALM:U4:M6_2	Animalia	Chordata	Aves	Passeriformes	Troglodytidae	Troglodytes	Troglodytes aedon		SPECIES	Troglodytes aedon Vieillot, 1809	Troglodytes aedon	Vieillot, 1809	CL	Fundo El Almendral	Región Metropolitana de Santiago	PRESENT	1	bf0d80b3-46da-4e60-b1cf-39f2320acb43									2020-06-01	1	6	2020	598SY	598SY	HUMAN_OBSERVATION	MMA:GEFMONT	GEFMONT:ALM:U	ALM:U4:M6_2		Sergio Alvarado;Francisco Santander		CC_BY_4_0		Sergio Alvarado		native	2026-07-18T20:27:20.669Z		OCCURRENCE_STATUS_INFERRED_FROM_INDIVIDUAL_COUNT
3359689443	ec377d02-c837-445a-9a35-d600adbf0ba0	MMA:GEFMONT:ALM:U1:M5_2	Animalia	Chordata	Aves	Passeriformes	Passerellidae	Zonotrichia	Zonotrichia capensis		SPECIES	Zonotrichia capensis (P.L.S.Müller, 1776)	Zonotrichia capensis	Statius Müller, 1776	CL	Fundo El Almendral	Región Metropolitana de Santiago	PRESENT	3	bf0d80b3-46da-4e60-b1cf-39f2320acb43									2020-05-01	1	5	2020	5D763	5D763	HUMAN_OBSERVATION	MMA:GEFMONT	GEFMONT:ALM:U	ALM:U1:M5_2		Sergio Alvarado;Francisco Santander		CC_BY_4_0		Sergio Alvarado		native	2026-07-18T20:27:20.668Z		OCCURRENCE_STATUS_INFERRED_FROM_INDIVIDUAL_COUNT
3359689442	ec377d02-c837-445a-9a35-d600adbf0ba0	MMA:GEFMONT:ALM:U8:M6_6	Animalia	Chordata	Aves	Passeriformes	Icteridae	Curaeus	Curaeus curaeus		SPECIES	Curaeus curaeus (Molina, 1782)	Curaeus curaeus	Molina, 1782	CL	Fundo El Almendral	Región Metropolitana de Santiago	PRESENT	7	bf0d80b3-46da-4e60-b1cf-39f2320acb43									2020-06-01	1	6	2020	32G3G	32G3G	HUMAN_OBSERVATION	MMA:GEFMONT	GEFMONT:ALM:U	ALM:U8:M6_6		Sergio Alvarado;Francisco Santander		CC_BY_4_0		Sergio Alvarado		native	2026-07-18T20:27:20.668Z		OCCURRENCE_STATUS_INFERRED_FROM_INDIVIDUAL_COUNT
3359689441	ec377d02-c837-445a-9a35-d600adbf0ba0	MMA:GEFMONT:ALM:U8:M6_5	Animalia	Chordata	Aves	Passeriformes	Turdidae	Turdus	Turdus falcklandii		SPECIES	Turdus falcklandii Quoy & Gaimard, 1824	Turdus falcklandii	Quoy & Gaimard, 1824	CL	Fundo El Almendral	Región Metropolitana de Santiago	PRESENT	2	bf0d80b3-46da-4e60-b1cf-39f2320acb43									2020-06-01	1	6	2020	7CZ7W	7CZ7W	HUMAN_OBSERVATION	MMA:GEFMONT	GEFMONT:ALM:U	ALM:U8:M6_5		Sergio Alvarado;Francisco Santander		CC_BY_4_0		Sergio Alvarado		native	2026-07-18T20:27:20.668Z		OCCURRENCE_STATUS_INFERRED_FROM_INDIVIDUAL_COUNT
3359689440	ec377d02-c837-445a-9a35-d600adbf0ba0	MMA:GEFMONT:ALM:U8:M6_4	Animalia	Chordata	Aves	Columbiformes	Columbidae	Columbina	Columbina picui		SPECIES	Columbina picui (Temminck, 1813)	Columbina picui	Temminck, 1813	CL	Fundo El Almendral	Región Metropolitana de Santiago	PRESENT	1	bf0d80b3-46da-4e60-b1cf-39f2320acb43									2020-06-01	1	6	2020	5ZPZZ	5ZPZZ	HUMAN_OBSERVATION	MMA:GEFMONT	GEFMONT:ALM:U	ALM:U8:M6_4		Sergio Alvarado;Francisco Santander		CC_BY_4_0		Sergio Alvarado		native	2026-07-18T20:27:20.668Z		OCCURRENCE_STATUS_INFERRED_FROM_INDIVIDUAL_COUNT
3359689439	ec377d02-c837-445a-9a35-d600adbf0ba0	MMA:GEFMONT:ALM:U8:M6_3	Animalia	Chordata	Aves	Columbiformes	Columbidae	Zenaida	Zenaida auriculata		SPECIES	Zenaida auriculata (Des Murs, 1847)	Zenaida auriculata	Des Murs, 1847	CL	Fundo El Almendral	Región Metropolitana de Santiago	PRESENT	1	bf0d80b3-46da-4e60-b1cf-39f2320acb43									2020-06-01	1	6	2020	5D2BV	5D2BV	HUMAN_OBSERVATION	MMA:GEFMONT	GEFMONT:ALM:U	ALM:U8:M6_3		Sergio Alvarado;Francisco Santander		CC_BY_4_0		Sergio Alvarado		native	2026-07-18T20:27:20.667Z		OCCURRENCE_STATUS_INFERRED_FROM_INDIVIDUAL_COUNT
3359689438	ec377d02-c837-445a-9a35-d600adbf0ba0	MMA:GEFMONT:ALM:U8:M6_2	Animalia	Chordata	Aves	Apodiformes	Trochilidae	Sephanoides	Sephanoides sephaniodes		SPECIES	Sephanoides sephanoides (R.Lesson & Garnot, 1827)	Sephanoides sephanoides	Lesson, 1827	CL	Fundo El Almendral	Región Metropolitana de Santiago	PRESENT	1	bf0d80b3-46da-4e60-b1cf-39f2320acb43									2020-06-01	1	6	2020	8J6ZQ	8J6ZP	HUMAN_OBSERVATION	MMA:GEFMONT	GEFMONT:ALM:U	ALM:U8:M6_2		Sergio Alvarado;Francisco Santander		CC_BY_4_0		Sergio Alvarado		native	2026-07-18T20:27:20.667Z		OCCURRENCE_STATUS_INFERRED_FROM_INDIVIDUAL_COUNT
3359689437	ec377d02-c837-445a-9a35-d600adbf0ba0	MMA:GEFMONT:ALM:U8:M6_1	Animalia	Chordata	Aves	Passeriformes	Icteridae	Leistes	Leistes loyca		SPECIES	Leistes loyca (Molina, 1782)	Leistes loyca	Molina, 1782	CL	Fundo El Almendral	Región Metropolitana de Santiago	PRESENT	2	bf0d80b3-46da-4e60-b1cf-39f2320acb43									2020-06-01	1	6	2020	DDCWV	DDCWV	HUMAN_OBSERVATION	MMA:GEFMONT	GEFMONT:ALM:U	ALM:U8:M6_1		Sergio Alvarado;Francisco Santander		CC_BY_4_0		Sergio Alvarado		native	2026-07-18T20:27:20.667Z		OCCURRENCE_STATUS_INFERRED_FROM_INDIVIDUAL_COUNT
3359689436	ec377d02-c837-445a-9a35-d600adbf0ba0	MMA:GEFMONT:ALM:U4:M7_7	Animalia	Chordata	Aves	Columbiformes	Columbidae	Patagioenas	Patagioenas araucana		SPECIES	Patagioenas araucana (R.Lesson & Garnot, 1827)	Patagioenas araucana	Temmink, 1813	CL	Fundo El Almendral	Región Metropolitana de Santiago	PRESENT	1	bf0d80b3-46da-4e60-b1cf-39f2320acb43									2020-08-28	28	8	2020	4DZDP	4DZDP	HUMAN_OBSERVATION	MMA:GEFMONT	GEFMONT:ALM:U	ALM:U4:M7_7		Sergio Alvarado;Francisco Santander		CC_BY_4_0		Sergio Alvarado		native	2026-07-18T20:27:20.597Z		OCCURRENCE_STATUS_INFERRED_FROM_INDIVIDUAL_COUNT
3359689435	ec377d02-c837-445a-9a35-d600adbf0ba0	MMA:GEFMONT:ALM:U1:M5_4	Animalia	Chordata	Aves	Passeriformes	Thraupidae	Rhopospina	Rhopospina fruticeti		SPECIES	Phrygilus fruticeti (Kittlitz, 1833)	Phrygilus fruticeti	Kittlitz, 1832	CL	Fundo El Almendral	Región Metropolitana de Santiago	PRESENT	12	bf0d80b3-46da-4e60-b1cf-39f2320acb43									2020-05-01	1	5	2020	4GVP4	9G88W	HUMAN_OBSERVATION	MMA:GEFMONT	GEFMONT:ALM:U	ALM:U1:M5_4		Sergio Alvarado;Francisco Santander		CC_BY_4_0		Sergio Alvarado		native	2026-07-18T20:27:20.528Z		OCCURRENCE_STATUS_INFERRED_FROM_INDIVIDUAL_COUNT
3359689434	ec377d02-c837-445a-9a35-d600adbf0ba0	MMA:GEFMONT:ALM:U4:M7_6	Animalia	Chordata	Aves	Apodiformes	Trochilidae	Sephanoides	Sephanoides sephaniodes		SPECIES	Sephanoides sephanoides (R.Lesson & Garnot, 1827)	Sephanoides sephanoides	Lesson, 1827	CL	Fundo El Almendral	Región Metropolitana de Santiago	PRESENT	3	bf0d80b3-46da-4e60-b1cf-39f2320acb43									2020-08-28	28	8	2020	8J6ZQ	8J6ZP	HUMAN_OBSERVATION	MMA:GEFMONT	GEFMONT:ALM:U	ALM:U4:M7_6		Sergio Alvarado;Francisco Santander		CC_BY_4_0		Sergio Alvarado		native	2026-07-18T20:27:20.528Z		OCCURRENCE_STATUS_INFERRED_FROM_INDIVIDUAL_COUNT
3359689433	ec377d02-c837-445a-9a35-d600adbf0ba0	MMA:GEFMONT:ALM:U6:M7_2	Animalia	Chordata	Aves	Passeriformes	Troglodytidae	Troglodytes	Troglodytes aedon		SPECIES	Troglodytes aedon Vieillot, 1809	Troglodytes aedon	Vieillot, 1809	CL	Fundo El Almendral	Región Metropolitana de Santiago	PRESENT	1	bf0d80b3-46da-4e60-b1cf-39f2320acb43									2020-08-28	28	8	2020	598SY	598SY	HUMAN_OBSERVATION	MMA:GEFMONT	GEFMONT:ALM:U	ALM:U6:M7_2		Sergio Alvarado;Francisco Santander		CC_BY_4_0		Sergio Alvarado		native	2026-07-18T20:27:20.528Z		OCCURRENCE_STATUS_INFERRED_FROM_INDIVIDUAL_COUNT
3359689432	ec377d02-c837-445a-9a35-d600adbf0ba0	MMA:GEFMONT:ALM:U4:M7_5	Animalia	Chordata	Aves	Passeriformes	Fringillidae	Spinus	Spinus barbatus		SPECIES	Spinus barbatus (Molina, 1782)	Spinus barbatus	Molina, 1782	CL	Fundo El Almendral	Región Metropolitana de Santiago	PRESENT	1	bf0d80b3-46da-4e60-b1cf-39f2320acb43									2020-08-28	28	8	2020	4Z65L	4Z65L	HUMAN_OBSERVATION	MMA:GEFMONT	GEFMONT:ALM:U	ALM:U4:M7_5		Sergio Alvarado;Francisco Santander		CC_BY_4_0		Sergio Alvarado		native	2026-07-18T20:27:20.528Z		OCCURRENCE_STATUS_INFERRED_FROM_INDIVIDUAL_COUNT
3359689431	ec377d02-c837-445a-9a35-d600adbf0ba0	MMA:GEFMONT:ALM:U6:M7_1	Animalia	Chordata	Aves	Passeriformes	Icteridae	Curaeus	Curaeus curaeus		SPECIES	Curaeus curaeus (Molina, 1782)	Curaeus curaeus	Molina, 1782	CL	Fundo El Almendral	Región Metropolitana de Santiago	PRESENT	2	bf0d80b3-46da-4e60-b1cf-39f2320acb43									2020-08-28	28	8	2020	32G3G	32G3G	HUMAN_OBSERVATION	MMA:GEFMONT	GEFMONT:ALM:U	ALM:U6:M7_1		Sergio Alvarado;Francisco Santander		CC_BY_4_0		Sergio Alvarado		native	2026-07-18T20:27:20.527Z		OCCURRENCE_STATUS_INFERRED_FROM_INDIVIDUAL_COUNT
3359689430	ec377d02-c837-445a-9a35-d600adbf0ba0	MMA:GEFMONT:ALM:U6:M7_4	Animalia	Chordata	Aves	Charadriiformes	Charadriidae	Vanellus	Vanellus chilensis		SPECIES	Vanellus chilensis (Molina, 1782)	Vanellus chilensis	Molina, 1782	CL	Fundo El Almendral	Región Metropolitana de Santiago	PRESENT	3	bf0d80b3-46da-4e60-b1cf-39f2320acb43									2020-08-28	28	8	2020	7FFJ9	7FFJ9	HUMAN_OBSERVATION	MMA:GEFMONT	GEFMONT:ALM:U	ALM:U6:M7_4		Sergio Alvarado;Francisco Santander		CC_BY_4_0		Sergio Alvarado		native	2026-07-18T20:27:20.527Z		OCCURRENCE_STATUS_INFERRED_FROM_INDIVIDUAL_COUNT
3359689429	ec377d02-c837-445a-9a35-d600adbf0ba0	MMA:GEFMONT:ALM:U6:M7_3	Animalia	Chordata	Aves	Apodiformes	Trochilidae	Sephanoides	Sephanoides sephaniodes		SPECIES	Sephanoides sephanoides (R.Lesson & Garnot, 1827)	Sephanoides sephanoides	Lesson, 1827	CL	Fundo El Almendral	Región Metropolitana de Santiago	PRESENT	1	bf0d80b3-46da-4e60-b1cf-39f2320acb43									2020-08-28	28	8	2020	8J6ZQ	8J6ZP	HUMAN_OBSERVATION	MMA:GEFMONT	GEFMONT:ALM:U	ALM:U6:M7_3		Sergio Alvarado;Francisco Santander		CC_BY_4_0		Sergio Alvarado		native	2026-07-18T20:27:20.527Z		OCCURRENCE_STATUS_INFERRED_FROM_INDIVIDUAL_COUNT
3359689428	ec377d02-c837-445a-9a35-d600adbf0ba0	MMA:GEFMONT:ALM:U6:M7_5	Animalia	Chordata	Aves	Passeriformes	Mimidae	Mimus	Mimus thenca		SPECIES	Mimus thenca (Molina, 1782)	Mimus thenca	Molina, 1782	CL	Fundo El Almendral	Región Metropolitana de Santiago	PRESENT	1	bf0d80b3-46da-4e60-b1cf-39f2320acb43									2020-08-28	28	8	2020	43HTC	43HTC	HUMAN_OBSERVATION	MMA:GEFMONT	GEFMONT:ALM:U	ALM:U6:M7_5		Sergio Alvarado;Francisco Santander		CC_BY_4_0		Sergio Alvarado		native	2026-07-18T20:27:20.502Z		OCCURRENCE_STATUS_INFERRED_FROM_INDIVIDUAL_COUNT
3359689427	ec377d02-c837-445a-9a35-d600adbf0ba0	MMA:GEFMONT:ALM:U9:M1_2	Animalia	Chordata	Aves	Passeriformes	Turdidae	Turdus	Turdus falcklandii		SPECIES	Turdus falcklandii Quoy & Gaimard, 1824	Turdus falcklandii	Quoy & Gaimard, 1824	CL	Fundo El Almendral	Región Metropolitana de Santiago	PRESENT	3	bf0d80b3-46da-4e60-b1cf-39f2320acb43									2019-12-27	27	12	2019	7CZ7W	7CZ7W	HUMAN_OBSERVATION	MMA:GEFMONT	GEFMONT:ALM:U	ALM:U9:M1_2		Sergio Alvarado;Francisco Santander		CC_BY_4_0		Sergio Alvarado		native	2026-07-18T20:27:20.502Z		OCCURRENCE_STATUS_INFERRED_FROM_INDIVIDUAL_COUNT
3359689426	ec377d02-c837-445a-9a35-d600adbf0ba0	MMA:GEFMONT:ALM:U9:M1_1	Animalia	Chordata	Aves	Passeriformes	Tyrannidae	Elaenia	Elaenia albiceps		SPECIES	Elaenia albiceps (Orbigny & Lafresnaye, 1837)	Elaenia albiceps	d'Orbigny y Lafresnaye, 1837	CL	Fundo El Almendral	Región Metropolitana de Santiago	PRESENT	2	bf0d80b3-46da-4e60-b1cf-39f2320acb43									2019-12-27	27	12	2019	38XGD	38XGD	HUMAN_OBSERVATION	MMA:GEFMONT	GEFMONT:ALM:U	ALM:U9:M1_1		Sergio Alvarado;Francisco Santander		CC_BY_4_0		Sergio Alvarado		native	2026-07-18T20:27:20.501Z		OCCURRENCE_STATUS_INFERRED_FROM_INDIVIDUAL_COUNT
3359689425	ec377d02-c837-445a-9a35-d600adbf0ba0	MMA:GEFMONT:ALM:U7:M2_1	Animalia	Chordata	Aves	Strigiformes	Strigidae	Glaucidium	Glaucidium nana		SPECIES	Glaucidium nana (P.P.King, 1827)	Glaucidium nana	King, 1828	CL	Fundo El Almendral	Región Metropolitana de Santiago	PRESENT	1	bf0d80b3-46da-4e60-b1cf-39f2320acb43									2020-01-25	25	1	2020	3G644	3G644	HUMAN_OBSERVATION	MMA:GEFMONT	GEFMONT:ALM:U	ALM:U7:M2_1		Sergio Alvarado;Francisco Santander		CC_BY_4_0		Sergio Alvarado		native	2026-07-18T20:27:20.501Z		OCCURRENCE_STATUS_INFERRED_FROM_INDIVIDUAL_COUNT
3359689424	ec377d02-c837-445a-9a35-d600adbf0ba0	MMA:GEFMONT:ALM:U7:M2_2	Animalia	Chordata	Aves	Falconiformes	Falconidae	Milvago	Milvago chimango		SPECIES	Milvago chimango (Vieillot, 1816)	Milvago chimango	Vieillot, 1816	CL	Fundo El Almendral	Región Metropolitana de Santiago	PRESENT	1	bf0d80b3-46da-4e60-b1cf-39f2320acb43									2020-01-25	25	1	2020	43DZ9	43DZ9	HUMAN_OBSERVATION	MMA:GEFMONT	GEFMONT:ALM:U	ALM:U7:M2_2		Sergio Alvarado;Francisco Santander		CC_BY_4_0		Sergio Alvarado		native	2026-07-18T20:27:20.501Z		OCCURRENCE_STATUS_INFERRED_FROM_INDIVIDUAL_COUNT
3359689423	ec377d02-c837-445a-9a35-d600adbf0ba0	MMA:GEFMONT:ALM:U7:M2_3	Animalia	Chordata	Aves	Passeriformes	Tyrannidae	Elaenia	Elaenia albiceps		SPECIES	Elaenia albiceps (Orbigny & Lafresnaye, 1837)	Elaenia albiceps	d'Orbigny y Lafresnaye, 1837	CL	Fundo El Almendral	Región Metropolitana de Santiago	PRESENT	2	bf0d80b3-46da-4e60-b1cf-39f2320acb43									2020-01-25	25	1	2020	38XGD	38XGD	HUMAN_OBSERVATION	MMA:GEFMONT	GEFMONT:ALM:U	ALM:U7:M2_3		Sergio Alvarado;Francisco Santander		CC_BY_4_0		Sergio Alvarado		native	2026-07-18T20:27:20.501Z		OCCURRENCE_STATUS_INFERRED_FROM_INDIVIDUAL_COUNT
3359689422	ec377d02-c837-445a-9a35-d600adbf0ba0	MMA:GEFMONT:ALM:U7:M2_4	Animalia	Chordata	Aves	Columbiformes	Columbidae	Zenaida	Zenaida auriculata		SPECIES	Zenaida auriculata (Des Murs, 1847)	Zenaida auriculata	Des Murs, 1847	CL	Fundo El Almendral	Región Metropolitana de Santiago	PRESENT	1	bf0d80b3-46da-4e60-b1cf-39f2320acb43									2020-01-25	25	1	2020	5D2BV	5D2BV	HUMAN_OBSERVATION	MMA:GEFMONT	GEFMONT:ALM:U	ALM:U7:M2_4		Sergio Alvarado;Francisco Santander		CC_BY_4_0		Sergio Alvarado		native	2026-07-18T20:27:20.501Z		OCCURRENCE_STATUS_INFERRED_FROM_INDIVIDUAL_COUNT
3359689421	ec377d02-c837-445a-9a35-d600adbf0ba0	MMA:GEFMONT:ALM:U7:M2_5	Animalia	Chordata	Aves	Columbiformes	Columbidae	Columbina	Columbina picui		SPECIES	Columbina picui (Temminck, 1813)	Columbina picui	Temminck, 1813	CL	Fundo El Almendral	Región Metropolitana de Santiago	PRESENT	1	bf0d80b3-46da-4e60-b1cf-39f2320acb43									2020-01-25	25	1	2020	5ZPZZ	5ZPZZ	HUMAN_OBSERVATION	MMA:GEFMONT	GEFMONT:ALM:U	ALM:U7:M2_5		Sergio Alvarado;Francisco Santander		CC_BY_4_0		Sergio Alvarado		native	2026-07-18T20:27:20.501Z		OCCURRENCE_STATUS_INFERRED_FROM_INDIVIDUAL_COUNT
3359689420	ec377d02-c837-445a-9a35-d600adbf0ba0	MMA:GEFMONT:ALM:U4:M7_4	Animalia	Chordata	Aves	Passeriformes	Thraupidae	Phrygilus	Phrygilus gayi		SPECIES	Phrygilus gayi (Gervais, 1834)	Phrygilus gayi	Gervais, 1834	CL	Fundo El Almendral	Región Metropolitana de Santiago	PRESENT	1	bf0d80b3-46da-4e60-b1cf-39f2320acb43									2020-08-28	28	8	2020	4GVP5	4GVP5	HUMAN_OBSERVATION	MMA:GEFMONT	GEFMONT:ALM:U	ALM:U4:M7_4		Sergio Alvarado;Francisco Santander		CC_BY_4_0		Sergio Alvarado		native	2026-07-18T20:27:20.460Z		OCCURRENCE_STATUS_INFERRED_FROM_INDIVIDUAL_COUNT
3359689419	ec377d02-c837-445a-9a35-d600adbf0ba0	MMA:GEFMONT:ALM:U1:M4_2	Animalia	Chordata	Aves	Accipitriformes	Accipitridae	Geranoaetus	Geranoaetus melanoleucus		SPECIES	Geranoaetus melanoleucus (Vieillot, 1819)	Geranoaetus melanoleucus	Vieillot, 1819	CL	Fundo El Almendral	Región Metropolitana de Santiago	PRESENT	1	bf0d80b3-46da-4e60-b1cf-39f2320acb43									2020-03-28	28	3	2020	3FVCC	3FVCC	HUMAN_OBSERVATION	MMA:GEFMONT	GEFMONT:ALM:U	ALM:U1:M4_2		Sergio Alvarado;Francisco Santander		CC_BY_4_0		Sergio Alvarado		native	2026-07-18T20:27:20.460Z		OCCURRENCE_STATUS_INFERRED_FROM_INDIVIDUAL_COUNT
3359689418	ec377d02-c837-445a-9a35-d600adbf0ba0	MMA:GEFMONT:ALM:U7:M2_6	Animalia	Chordata	Aves	Passeriformes	Turdidae	Turdus	Turdus falcklandii		SPECIES	Turdus falcklandii Quoy & Gaimard, 1824	Turdus falcklandii	Quoy & Gaimard, 1824	CL	Fundo El Almendral	Región Metropolitana de Santiago	PRESENT	2	bf0d80b3-46da-4e60-b1cf-39f2320acb43									2020-01-25	25	1	2020	7CZ7W	7CZ7W	HUMAN_OBSERVATION	MMA:GEFMONT	GEFMONT:ALM:U	ALM:U7:M2_6		Sergio Alvarado;Francisco Santander		CC_BY_4_0		Sergio Alvarado		native	2026-07-18T20:27:20.459Z		OCCURRENCE_STATUS_INFERRED_FROM_INDIVIDUAL_COUNT
3359689417	ec377d02-c837-445a-9a35-d600adbf0ba0	MMA:GEFMONT:ALM:U4:M7_3	Animalia	Chordata	Aves	Passeriformes	Passerellidae	Zonotrichia	Zonotrichia capensis		SPECIES	Zonotrichia capensis (P.L.S.Müller, 1776)	Zonotrichia capensis	Statius Müller, 1776	CL	Fundo El Almendral	Región Metropolitana de Santiago	PRESENT	1	bf0d80b3-46da-4e60-b1cf-39f2320acb43									2020-08-28	28	8	2020	5D763	5D763	HUMAN_OBSERVATION	MMA:GEFMONT	GEFMONT:ALM:U	ALM:U4:M7_3		Sergio Alvarado;Francisco Santander		CC_BY_4_0		Sergio Alvarado		native	2026-07-18T20:27:20.459Z		OCCURRENCE_STATUS_INFERRED_FROM_INDIVIDUAL_COUNT
3359689416	ec377d02-c837-445a-9a35-d600adbf0ba0	MMA:GEFMONT:ALM:U1:M4_1	Animalia	Chordata	Aves	Piciformes	Picidae	Veniliornis	Veniliornis lignarius		SPECIES	Veniliornis lignarius (Molina, 1782)	Veniliornis lignarius	Molina, 1782	CL	Fundo El Almendral	Región Metropolitana de Santiago	PRESENT	1	bf0d80b3-46da-4e60-b1cf-39f2320acb43									2020-03-28	28	3	2020	7X7B8	7X7B8	HUMAN_OBSERVATION	MMA:GEFMONT	GEFMONT:ALM:U	ALM:U1:M4_1		Sergio Alvarado;Francisco Santander		CC_BY_4_0		Sergio Alvarado		native	2026-07-18T20:27:20.459Z		OCCURRENCE_STATUS_INFERRED_FROM_INDIVIDUAL_COUNT
3359689415	ec377d02-c837-445a-9a35-d600adbf0ba0	MMA:GEFMONT:ALM:U4:M7_2	Animalia	Chordata	Aves	Passeriformes	Icteridae	Curaeus	Curaeus curaeus		SPECIES	Curaeus curaeus (Molina, 1782)	Curaeus curaeus	Molina, 1782	CL	Fundo El Almendral	Región Metropolitana de Santiago	PRESENT	3	bf0d80b3-46da-4e60-b1cf-39f2320acb43									2020-08-28	28	8	2020	32G3G	32G3G	HUMAN_OBSERVATION	MMA:GEFMONT	GEFMONT:ALM:U	ALM:U4:M7_2		Sergio Alvarado;Francisco Santander		CC_BY_4_0		Sergio Alvarado		native	2026-07-18T20:27:20.458Z		OCCURRENCE_STATUS_INFERRED_FROM_INDIVIDUAL_COUNT
3359689414	ec377d02-c837-445a-9a35-d600adbf0ba0	MMA:GEFMONT:ALM:U1:M4_4	Animalia	Chordata	Aves	Galliformes	Odontophoridae	Callipepla	Callipepla californica		SPECIES	Callipepla californica (Shaw, 1798)	Callipepla californica	Shaw, 1798	CL	Fundo El Almendral	Región Metropolitana de Santiago	PRESENT	14	bf0d80b3-46da-4e60-b1cf-39f2320acb43									2020-03-28	28	3	2020	PSBS	PSBS	HUMAN_OBSERVATION	MMA:GEFMONT	GEFMONT:ALM:U	ALM:U1:M4_4		Sergio Alvarado;Francisco Santander		CC_BY_4_0		Sergio Alvarado		introduced	2026-07-18T20:27:20.458Z		OCCURRENCE_STATUS_INFERRED_FROM_INDIVIDUAL_COUNT
3359689413	ec377d02-c837-445a-9a35-d600adbf0ba0	MMA:GEFMONT:ALM:U4:M7_1	Animalia	Chordata	Aves	Falconiformes	Falconidae	Milvago	Milvago chimango		SPECIES	Milvago chimango (Vieillot, 1816)	Milvago chimango	Vieillot, 1816	CL	Fundo El Almendral	Región Metropolitana de Santiago	PRESENT	1	bf0d80b3-46da-4e60-b1cf-39f2320acb43									2020-08-28	28	8	2020	43DZ9	43DZ9	HUMAN_OBSERVATION	MMA:GEFMONT	GEFMONT:ALM:U	ALM:U4:M7_1		Sergio Alvarado;Francisco Santander		CC_BY_4_0		Sergio Alvarado		native	2026-07-18T20:27:20.458Z		OCCURRENCE_STATUS_INFERRED_FROM_INDIVIDUAL_COUNT
3359689412	ec377d02-c837-445a-9a35-d600adbf0ba0	MMA:GEFMONT:ALM:U1:M4_3	Animalia	Chordata	Aves	Passeriformes	Icteridae	Curaeus	Curaeus curaeus		SPECIES	Curaeus curaeus (Molina, 1782)	Curaeus curaeus	Molina, 1782	CL	Fundo El Almendral	Región Metropolitana de Santiago	PRESENT	1	bf0d80b3-46da-4e60-b1cf-39f2320acb43									2020-03-28	28	3	2020	32G3G	32G3G	HUMAN_OBSERVATION	MMA:GEFMONT	GEFMONT:ALM:U	ALM:U1:M4_3		Sergio Alvarado;Francisco Santander		CC_BY_4_0		Sergio Alvarado		native	2026-07-18T20:27:20.458Z		OCCURRENCE_STATUS_INFERRED_FROM_INDIVIDUAL_COUNT
3359689411	ec377d02-c837-445a-9a35-d600adbf0ba0	MMA:GEFMONT:ALM:U5:M1_4	Animalia	Chordata	Aves	Piciformes	Picidae	Colaptes	Colaptes pitius		SPECIES	Colaptes pitius (Molina, 1782)	Colaptes pitius	Molina, 1782	CL	Fundo El Almendral	Región Metropolitana de Santiago	PRESENT	2	bf0d80b3-46da-4e60-b1cf-39f2320acb43									2019-12-27	27	12	2019	WX2S	WX2S	HUMAN_OBSERVATION	MMA:GEFMONT	GEFMONT:ALM:U	ALM:U5:M1_4		Sergio Alvarado;Francisco Santander		CC_BY_4_0		Sergio Alvarado		native	2026-07-18T20:27:20.457Z		OCCURRENCE_STATUS_INFERRED_FROM_INDIVIDUAL_COUNT
3359689410	ec377d02-c837-445a-9a35-d600adbf0ba0	MMA:GEFMONT:ALM:U8:M5_3	Animalia	Chordata	Aves	Passeriformes	Icteridae	Curaeus	Curaeus curaeus		SPECIES	Curaeus curaeus (Molina, 1782)	Curaeus curaeus	Molina, 1782	CL	Fundo El Almendral	Región Metropolitana de Santiago	PRESENT	8	bf0d80b3-46da-4e60-b1cf-39f2320acb43									2020-05-01	1	5	2020	32G3G	32G3G	HUMAN_OBSERVATION	MMA:GEFMONT	GEFMONT:ALM:U	ALM:U8:M5_3		Sergio Alvarado;Francisco Santander		CC_BY_4_0		Sergio Alvarado		native	2026-07-18T20:27:20.457Z		OCCURRENCE_STATUS_INFERRED_FROM_INDIVIDUAL_COUNT
3359689409	ec377d02-c837-445a-9a35-d600adbf0ba0	MMA:GEFMONT:ALM:U5:M1_5	Animalia	Chordata	Aves	Passeriformes	Turdidae	Turdus	Turdus falcklandii		SPECIES	Turdus falcklandii Quoy & Gaimard, 1824	Turdus falcklandii	Quoy & Gaimard, 1824	CL	Fundo El Almendral	Región Metropolitana de Santiago	PRESENT	4	bf0d80b3-46da-4e60-b1cf-39f2320acb43									2019-12-27	27	12	2019	7CZ7W	7CZ7W	HUMAN_OBSERVATION	MMA:GEFMONT	GEFMONT:ALM:U	ALM:U5:M1_5		Sergio Alvarado;Francisco Santander		CC_BY_4_0		Sergio Alvarado		native	2026-07-18T20:27:20.457Z		OCCURRENCE_STATUS_INFERRED_FROM_INDIVIDUAL_COUNT
3359689408	ec377d02-c837-445a-9a35-d600adbf0ba0	MMA:GEFMONT:ALM:U8:M5_2	Animalia	Chordata	Aves	Columbiformes	Columbidae	Zenaida	Zenaida auriculata		SPECIES	Zenaida auriculata (Des Murs, 1847)	Zenaida auriculata	Des Murs, 1847	CL	Fundo El Almendral	Región Metropolitana de Santiago	PRESENT	2	bf0d80b3-46da-4e60-b1cf-39f2320acb43									2020-05-01	1	5	2020	5D2BV	5D2BV	HUMAN_OBSERVATION	MMA:GEFMONT	GEFMONT:ALM:U	ALM:U8:M5_2		Sergio Alvarado;Francisco Santander		CC_BY_4_0		Sergio Alvarado		native	2026-07-18T20:27:20.457Z		OCCURRENCE_STATUS_INFERRED_FROM_INDIVIDUAL_COUNT
3359689407	ec377d02-c837-445a-9a35-d600adbf0ba0	MMA:GEFMONT:ALM:U5:M1_2	Animalia	Chordata	Aves	Passeriformes	Tyrannidae	Elaenia	Elaenia albiceps		SPECIES	Elaenia albiceps (Orbigny & Lafresnaye, 1837)	Elaenia albiceps	d'Orbigny y Lafresnaye, 1837	CL	Fundo El Almendral	Región Metropolitana de Santiago	PRESENT	3	bf0d80b3-46da-4e60-b1cf-39f2320acb43									2019-12-27	27	12	2019	38XGD	38XGD	HUMAN_OBSERVATION	MMA:GEFMONT	GEFMONT:ALM:U	ALM:U5:M1_2		Sergio Alvarado;Francisco Santander		CC_BY_4_0		Sergio Alvarado		native	2026-07-18T20:27:20.456Z		OCCURRENCE_STATUS_INFERRED_FROM_INDIVIDUAL_COUNT
3359689406	ec377d02-c837-445a-9a35-d600adbf0ba0	MMA:GEFMONT:ALM:U8:M5_1	Animalia	Chordata	Aves	Passeriformes	Tyrannidae	Pyrope	Pyrope pyrope		SPECIES	Xolmis pyrope (Kittlitz, 1830)	Xolmis pyrope	Kittlitz, 1830	CL	Fundo El Almendral	Región Metropolitana de Santiago	PRESENT	1	bf0d80b3-46da-4e60-b1cf-39f2320acb43									2020-05-01	1	5	2020	5CGDR	CQY3W	HUMAN_OBSERVATION	MMA:GEFMONT	GEFMONT:ALM:U	ALM:U8:M5_1		Sergio Alvarado;Francisco Santander		CC_BY_4_0		Sergio Alvarado		native	2026-07-18T20:27:20.456Z		OCCURRENCE_STATUS_INFERRED_FROM_INDIVIDUAL_COUNT
3359689405	ec377d02-c837-445a-9a35-d600adbf0ba0	MMA:GEFMONT:ALM:U5:M1_3	Animalia	Chordata	Aves	Passeriformes	Fringillidae	Spinus	Spinus barbatus		SPECIES	Spinus barbatus (Molina, 1782)	Spinus barbatus	Molina, 1782	CL	Fundo El Almendral	Región Metropolitana de Santiago	PRESENT	1	bf0d80b3-46da-4e60-b1cf-39f2320acb43									2019-12-27	27	12	2019	4Z65L	4Z65L	HUMAN_OBSERVATION	MMA:GEFMONT	GEFMONT:ALM:U	ALM:U5:M1_3		Sergio Alvarado;Francisco Santander		CC_BY_4_0		Sergio Alvarado		native	2026-07-18T20:27:20.456Z		OCCURRENCE_STATUS_INFERRED_FROM_INDIVIDUAL_COUNT
3359689404	ec377d02-c837-445a-9a35-d600adbf0ba0	MMA:GEFMONT:ALM:U5:M1_1	Animalia	Chordata	Aves	Galliformes	Odontophoridae	Callipepla	Callipepla californica		SPECIES	Callipepla californica (Shaw, 1798)	Callipepla californica	Shaw, 1798	CL	Fundo El Almendral	Región Metropolitana de Santiago	PRESENT	2	bf0d80b3-46da-4e60-b1cf-39f2320acb43									2019-12-27	27	12	2019	PSBS	PSBS	HUMAN_OBSERVATION	MMA:GEFMONT	GEFMONT:ALM:U	ALM:U5:M1_1		Sergio Alvarado;Francisco Santander		CC_BY_4_0		Sergio Alvarado		introduced	2026-07-18T20:27:20.455Z		OCCURRENCE_STATUS_INFERRED_FROM_INDIVIDUAL_COUNT
3359689403	ec377d02-c837-445a-9a35-d600adbf0ba0	MMA:GEFMONT:ALM:U1:M4_6	Animalia	Chordata	Aves	Piciformes	Picidae	Colaptes	Colaptes pitius		SPECIES	Colaptes pitius (Molina, 1782)	Colaptes pitius	Molina, 1782	CL	Fundo El Almendral	Región Metropolitana de Santiago	PRESENT	1	bf0d80b3-46da-4e60-b1cf-39f2320acb43									2020-03-28	28	3	2020	WX2S	WX2S	HUMAN_OBSERVATION	MMA:GEFMONT	GEFMONT:ALM:U	ALM:U1:M4_6		Sergio Alvarado;Francisco Santander		CC_BY_4_0		Sergio Alvarado		native	2026-07-18T20:27:20.455Z		OCCURRENCE_STATUS_INFERRED_FROM_INDIVIDUAL_COUNT
3359689402	ec377d02-c837-445a-9a35-d600adbf0ba0	MMA:GEFMONT:ALM:U1:M4_5	Animalia	Chordata	Aves	Apodiformes	Trochilidae	Sephanoides	Sephanoides sephaniodes		SPECIES	Sephanoides sephanoides (R.Lesson & Garnot, 1827)	Sephanoides sephanoides	Lesson, 1827	CL	Fundo El Almendral	Región Metropolitana de Santiago	PRESENT	1	bf0d80b3-46da-4e60-b1cf-39f2320acb43									2020-03-28	28	3	2020	8J6ZQ	8J6ZP	HUMAN_OBSERVATION	MMA:GEFMONT	GEFMONT:ALM:U	ALM:U1:M4_5		Sergio Alvarado;Francisco Santander		CC_BY_4_0		Sergio Alvarado		native	2026-07-18T20:27:20.455Z		OCCURRENCE_STATUS_INFERRED_FROM_INDIVIDUAL_COUNT
3359689401	ec377d02-c837-445a-9a35-d600adbf0ba0	MMA:GEFMONT:ALM:U1:M4_8	Animalia	Chordata	Aves	Passeriformes	Turdidae	Turdus	Turdus falcklandii		SPECIES	Turdus falcklandii Quoy & Gaimard, 1824	Turdus falcklandii	Quoy & Gaimard, 1824	CL	Fundo El Almendral	Región Metropolitana de Santiago	PRESENT	1	bf0d80b3-46da-4e60-b1cf-39f2320acb43									2020-03-28	28	3	2020	7CZ7W	7CZ7W	HUMAN_OBSERVATION	MMA:GEFMONT	GEFMONT:ALM:U	ALM:U1:M4_8		Sergio Alvarado;Francisco Santander		CC_BY_4_0		Sergio Alvarado		native	2026-07-18T20:27:20.455Z		OCCURRENCE_STATUS_INFERRED_FROM_INDIVIDUAL_COUNT
3359689400	ec377d02-c837-445a-9a35-d600adbf0ba0	MMA:GEFMONT:ALM:U1:M4_7	Animalia	Chordata	Aves	Columbiformes	Columbidae	Zenaida	Zenaida auriculata		SPECIES	Zenaida auriculata (Des Murs, 1847)	Zenaida auriculata	Des Murs, 1847	CL	Fundo El Almendral	Región Metropolitana de Santiago	PRESENT	3	bf0d80b3-46da-4e60-b1cf-39f2320acb43									2020-03-28	28	3	2020	5D2BV	5D2BV	HUMAN_OBSERVATION	MMA:GEFMONT	GEFMONT:ALM:U	ALM:U1:M4_7		Sergio Alvarado;Francisco Santander		CC_BY_4_0		Sergio Alvarado		native	2026-07-18T20:27:20.454Z		OCCURRENCE_STATUS_INFERRED_FROM_INDIVIDUAL_COUNT
3359689399	ec377d02-c837-445a-9a35-d600adbf0ba0	MMA:GEFMONT:ALM:U3:M6_1	Animalia	Chordata	Aves	Passeriformes	Troglodytidae	Troglodytes	Troglodytes aedon		SPECIES	Troglodytes aedon Vieillot, 1809	Troglodytes aedon	Vieillot, 1809	CL	Fundo El Almendral	Región Metropolitana de Santiago	PRESENT	2	bf0d80b3-46da-4e60-b1cf-39f2320acb43									2020-06-01	1	6	2020	598SY	598SY	HUMAN_OBSERVATION	MMA:GEFMONT	GEFMONT:ALM:U	ALM:U3:M6_1		Sergio Alvarado;Francisco Santander		CC_BY_4_0		Sergio Alvarado		native	2026-07-18T20:27:20.454Z		OCCURRENCE_STATUS_INFERRED_FROM_INDIVIDUAL_COUNT
3359689398	ec377d02-c837-445a-9a35-d600adbf0ba0	MMA:GEFMONT:ALM:U3:M6_2	Animalia	Chordata	Aves	Piciformes	Picidae	Colaptes	Colaptes pitius		SPECIES	Colaptes pitius (Molina, 1782)	Colaptes pitius	Molina, 1782	CL	Fundo El Almendral	Región Metropolitana de Santiago	PRESENT	1	bf0d80b3-46da-4e60-b1cf-39f2320acb43									2020-06-01	1	6	2020	WX2S	WX2S	HUMAN_OBSERVATION	MMA:GEFMONT	GEFMONT:ALM:U	ALM:U3:M6_2		Sergio Alvarado;Francisco Santander		CC_BY_4_0		Sergio Alvarado		native	2026-07-18T20:27:20.454Z		OCCURRENCE_STATUS_INFERRED_FROM_INDIVIDUAL_COUNT
3359689397	ec377d02-c837-445a-9a35-d600adbf0ba0	MMA:GEFMONT:ALM:U3:M6_3	Animalia	Chordata	Aves	Passeriformes	Furnariidae	Aphrastura	Aphrastura spinicauda		SPECIES	Aphrastura spinicauda (Gmelin, 1789)	Aphrastura spinicauda	Gmelin, 1789	CL	Fundo El Almendral	Región Metropolitana de Santiago	PRESENT	1	bf0d80b3-46da-4e60-b1cf-39f2320acb43									2020-06-01	1	6	2020	5VN2B	5VN2B	HUMAN_OBSERVATION	MMA:GEFMONT	GEFMONT:ALM:U	ALM:U3:M6_3		Sergio Alvarado;Francisco Santander		CC_BY_4_0		Sergio Alvarado		native	2026-07-18T20:27:20.451Z		OCCURRENCE_STATUS_INFERRED_FROM_INDIVIDUAL_COUNT
3359689396	ec377d02-c837-445a-9a35-d600adbf0ba0	MMA:GEFMONT:ALM:U3:M6_4	Animalia	Chordata	Aves	Passeriformes	Rhinocryptidae	Pteroptochos	Pteroptochos megapodius		SPECIES	Pteroptochos megapodius Kittlitz, 1830	Pteroptochos megapodius	Kittlitz, 1830	CL	Fundo El Almendral	Región Metropolitana de Santiago	PRESENT	1	bf0d80b3-46da-4e60-b1cf-39f2320acb43									2020-06-01	1	6	2020	4Q2S6	4Q2S6	HUMAN_OBSERVATION	MMA:GEFMONT	GEFMONT:ALM:U	ALM:U3:M6_4		Sergio Alvarado;Francisco Santander		CC_BY_4_0		Sergio Alvarado		native	2026-07-18T20:27:20.451Z		OCCURRENCE_STATUS_INFERRED_FROM_INDIVIDUAL_COUNT
3359689395	ec377d02-c837-445a-9a35-d600adbf0ba0	MMA:GEFMONT:ALM:E3:M4_2	Animalia	Chordata	Aves	Accipitriformes	Accipitridae	Geranoaetus	Geranoaetus melanoleucus		SPECIES	Geranoaetus melanoleucus (Vieillot, 1819)	Geranoaetus melanoleucus	Vieillot, 1819	CL	Fundo El Almendral	Región Metropolitana de Santiago	PRESENT	1	bf0d80b3-46da-4e60-b1cf-39f2320acb43									2020-03-28	28	3	2020	3FVCC	3FVCC	HUMAN_OBSERVATION	MMA:GEFMONT	GEFMONT:ALM:E	ALM:E3:M4_2		Sergio Alvarado;Francisco Santander		CC_BY_4_0		Sergio Alvarado		native	2026-07-18T20:27:20.450Z		OCCURRENCE_STATUS_INFERRED_FROM_INDIVIDUAL_COUNT
3359689394	ec377d02-c837-445a-9a35-d600adbf0ba0	MMA:GEFMONT:ALM:E3:M4_1	Animalia	Chordata	Aves	Passeriformes	Fringillidae	Spinus	Spinus barbatus		SPECIES	Spinus barbatus (Molina, 1782)	Spinus barbatus	Molina, 1782	CL	Fundo El Almendral	Región Metropolitana de Santiago	PRESENT	1	bf0d80b3-46da-4e60-b1cf-39f2320acb43									2020-03-28	28	3	2020	4Z65L	4Z65L	HUMAN_OBSERVATION	MMA:GEFMONT	GEFMONT:ALM:E	ALM:E3:M4_1		Sergio Alvarado;Francisco Santander		CC_BY_4_0		Sergio Alvarado		native	2026-07-18T20:27:20.450Z		OCCURRENCE_STATUS_INFERRED_FROM_INDIVIDUAL_COUNT
3359689393	ec377d02-c837-445a-9a35-d600adbf0ba0	MMA:GEFMONT:ALM:U7:M3_1	Animalia	Chordata	Aves	Passeriformes	Troglodytidae	Troglodytes	Troglodytes aedon		SPECIES	Troglodytes aedon Vieillot, 1809	Troglodytes aedon	Vieillot, 1809	CL	Fundo El Almendral	Región Metropolitana de Santiago	PRESENT	1	bf0d80b3-46da-4e60-b1cf-39f2320acb43									2020-02-29	29	2	2020	598SY	598SY	HUMAN_OBSERVATION	MMA:GEFMONT	GEFMONT:ALM:U	ALM:U7:M3_1		Sergio Alvarado;Francisco Santander		CC_BY_4_0		Sergio Alvarado		native	2026-07-18T20:27:20.450Z		OCCURRENCE_STATUS_INFERRED_FROM_INDIVIDUAL_COUNT
3359689392	ec377d02-c837-445a-9a35-d600adbf0ba0	MMA:GEFMONT:ALM:U7:M3_2	Animalia	Chordata	Aves	Galliformes	Odontophoridae	Callipepla	Callipepla californica		SPECIES	Callipepla californica (Shaw, 1798)	Callipepla californica	Shaw, 1798	CL	Fundo El Almendral	Región Metropolitana de Santiago	PRESENT	1	bf0d80b3-46da-4e60-b1cf-39f2320acb43									2020-02-29	29	2	2020	PSBS	PSBS	HUMAN_OBSERVATION	MMA:GEFMONT	GEFMONT:ALM:U	ALM:U7:M3_2		Sergio Alvarado;Francisco Santander		CC_BY_4_0		Sergio Alvarado		introduced	2026-07-18T20:27:20.449Z		OCCURRENCE_STATUS_INFERRED_FROM_INDIVIDUAL_COUNT
3359689391	ec377d02-c837-445a-9a35-d600adbf0ba0	MMA:GEFMONT:ALM:U7:M3_3	Animalia	Chordata	Aves	Passeriformes	Turdidae	Turdus	Turdus falcklandii		SPECIES	Turdus falcklandii Quoy & Gaimard, 1824	Turdus falcklandii	Quoy & Gaimard, 1824	CL	Fundo El Almendral	Región Metropolitana de Santiago	PRESENT	1	bf0d80b3-46da-4e60-b1cf-39f2320acb43									2020-02-29	29	2	2020	7CZ7W	7CZ7W	HUMAN_OBSERVATION	MMA:GEFMONT	GEFMONT:ALM:U	ALM:U7:M3_3		Sergio Alvarado;Francisco Santander		CC_BY_4_0		Sergio Alvarado		native	2026-07-18T20:27:20.449Z		OCCURRENCE_STATUS_INFERRED_FROM_INDIVIDUAL_COUNT
3359689390	ec377d02-c837-445a-9a35-d600adbf0ba0	MMA:GEFMONT:ALM:U1:M3_1	Animalia	Chordata	Aves	Passeriformes	Furnariidae	Pseudasthenes	Pseudasthenes humicola		SPECIES	Pseudasthenes humicola (Kittlitz, 1830)	Pseudasthenes humicola	Kittlitz, 1830	CL	Fundo El Almendral	Región Metropolitana de Santiago	PRESENT	1	bf0d80b3-46da-4e60-b1cf-39f2320acb43									2020-02-29	29	2	2020	DD9GP	DD9GP	HUMAN_OBSERVATION	MMA:GEFMONT	GEFMONT:ALM:U	ALM:U1:M3_1		Sergio Alvarado;Francisco Santander		CC_BY_4_0		Sergio Alvarado		native	2026-07-18T20:27:20.410Z		OCCURRENCE_STATUS_INFERRED_FROM_INDIVIDUAL_COUNT
3359689389	ec377d02-c837-445a-9a35-d600adbf0ba0	MMA:GEFMONT:ALM:U7:M3_4	Animalia	Chordata	Aves	Passeriformes	Icteridae	Curaeus	Curaeus curaeus		SPECIES	Curaeus curaeus (Molina, 1782)	Curaeus curaeus	Molina, 1782	CL	Fundo El Almendral	Región Metropolitana de Santiago	PRESENT	3	bf0d80b3-46da-4e60-b1cf-39f2320acb43									2020-02-29	29	2	2020	32G3G	32G3G	HUMAN_OBSERVATION	MMA:GEFMONT	GEFMONT:ALM:U	ALM:U7:M3_4		Sergio Alvarado;Francisco Santander		CC_BY_4_0		Sergio Alvarado		native	2026-07-18T20:27:20.410Z		OCCURRENCE_STATUS_INFERRED_FROM_INDIVIDUAL_COUNT
3359689388	ec377d02-c837-445a-9a35-d600adbf0ba0	MMA:GEFMONT:ALM:U1:M3_3	Animalia	Chordata	Aves	Galliformes	Odontophoridae	Callipepla	Callipepla californica		SPECIES	Callipepla californica (Shaw, 1798)	Callipepla californica	Shaw, 1798	CL	Fundo El Almendral	Región Metropolitana de Santiago	PRESENT	2	bf0d80b3-46da-4e60-b1cf-39f2320acb43									2020-02-29	29	2	2020	PSBS	PSBS	HUMAN_OBSERVATION	MMA:GEFMONT	GEFMONT:ALM:U	ALM:U1:M3_3		Sergio Alvarado;Francisco Santander		CC_BY_4_0		Sergio Alvarado		introduced	2026-07-18T20:27:20.410Z		OCCURRENCE_STATUS_INFERRED_FROM_INDIVIDUAL_COUNT
3359689387	ec377d02-c837-445a-9a35-d600adbf0ba0	MMA:GEFMONT:ALM:U1:M3_2	Animalia	Chordata	Aves	Piciformes	Picidae	Veniliornis	Veniliornis lignarius		SPECIES	Veniliornis lignarius (Molina, 1782)	Veniliornis lignarius	Molina, 1782	CL	Fundo El Almendral	Región Metropolitana de Santiago	PRESENT	1	bf0d80b3-46da-4e60-b1cf-39f2320acb43									2020-02-29	29	2	2020	7X7B8	7X7B8	HUMAN_OBSERVATION	MMA:GEFMONT	GEFMONT:ALM:U	ALM:U1:M3_2		Sergio Alvarado;Francisco Santander		CC_BY_4_0		Sergio Alvarado		native	2026-07-18T20:27:20.409Z		OCCURRENCE_STATUS_INFERRED_FROM_INDIVIDUAL_COUNT
3359689386	ec377d02-c837-445a-9a35-d600adbf0ba0	MMA:GEFMONT:ALM:U1:M3_5	Animalia	Chordata	Aves	Accipitriformes	Accipitridae	Geranoaetus	Geranoaetus melanoleucus		SPECIES	Geranoaetus melanoleucus (Vieillot, 1819)	Geranoaetus melanoleucus	Vieillot, 1819	CL	Fundo El Almendral	Región Metropolitana de Santiago	PRESENT	3	bf0d80b3-46da-4e60-b1cf-39f2320acb43									2020-02-29	29	2	2020	3FVCC	3FVCC	HUMAN_OBSERVATION	MMA:GEFMONT	GEFMONT:ALM:U	ALM:U1:M3_5		Sergio Alvarado;Francisco Santander		CC_BY_4_0		Sergio Alvarado		native	2026-07-18T20:27:20.409Z		OCCURRENCE_STATUS_INFERRED_FROM_INDIVIDUAL_COUNT
3359689385	ec377d02-c837-445a-9a35-d600adbf0ba0	MMA:GEFMONT:ALM:U1:M3_4	Animalia	Chordata	Aves	Passeriformes	Icteridae	Leistes	Leistes loyca		SPECIES	Leistes loyca (Molina, 1782)	Leistes loyca	Molina, 1782	CL	Fundo El Almendral	Región Metropolitana de Santiago	PRESENT	2	bf0d80b3-46da-4e60-b1cf-39f2320acb43									2020-02-29	29	2	2020	DDCWV	DDCWV	HUMAN_OBSERVATION	MMA:GEFMONT	GEFMONT:ALM:U	ALM:U1:M3_4		Sergio Alvarado;Francisco Santander		CC_BY_4_0		Sergio Alvarado		native	2026-07-18T20:27:20.409Z		OCCURRENCE_STATUS_INFERRED_FROM_INDIVIDUAL_COUNT
3359689384	ec377d02-c837-445a-9a35-d600adbf0ba0	MMA:GEFMONT:ALM:U11:M5_1	Animalia	Chordata	Aves	Passeriformes	Icteridae	Curaeus	Curaeus curaeus		SPECIES	Curaeus curaeus (Molina, 1782)	Curaeus curaeus	Molina, 1782	CL	Fundo El Almendral	Región Metropolitana de Santiago	PRESENT	4	bf0d80b3-46da-4e60-b1cf-39f2320acb43									2020-05-01	1	5	2020	32G3G	32G3G	HUMAN_OBSERVATION	MMA:GEFMONT	GEFMONT:ALM:U	ALM:U11:M5_1		Sergio Alvarado;Francisco Santander		CC_BY_4_0		Sergio Alvarado		native	2026-07-18T20:27:20.409Z		OCCURRENCE_STATUS_INFERRED_FROM_INDIVIDUAL_COUNT
3359689383	ec377d02-c837-445a-9a35-d600adbf0ba0	MMA:GEFMONT:ALM:U11:M5_2	Animalia	Chordata	Aves	Passeriformes	Passerellidae	Zonotrichia	Zonotrichia capensis		SPECIES	Zonotrichia capensis (P.L.S.Müller, 1776)	Zonotrichia capensis	Statius Müller, 1776	CL	Fundo El Almendral	Región Metropolitana de Santiago	PRESENT	2	bf0d80b3-46da-4e60-b1cf-39f2320acb43									2020-05-01	1	5	2020	5D763	5D763	HUMAN_OBSERVATION	MMA:GEFMONT	GEFMONT:ALM:U	ALM:U11:M5_2		Sergio Alvarado;Francisco Santander		CC_BY_4_0		Sergio Alvarado		native	2026-07-18T20:27:20.408Z		OCCURRENCE_STATUS_INFERRED_FROM_INDIVIDUAL_COUNT
3359689382	ec377d02-c837-445a-9a35-d600adbf0ba0	MMA:GEFMONT:ALM:U11:M5_3	Animalia	Chordata	Aves	Passeriformes	Tyrannidae	Pyrope	Pyrope pyrope		SPECIES	Xolmis pyrope (Kittlitz, 1830)	Xolmis pyrope	Kittlitz, 1830	CL	Fundo El Almendral	Región Metropolitana de Santiago	PRESENT	1	bf0d80b3-46da-4e60-b1cf-39f2320acb43									2020-05-01	1	5	2020	5CGDR	CQY3W	HUMAN_OBSERVATION	MMA:GEFMONT	GEFMONT:ALM:U	ALM:U11:M5_3		Sergio Alvarado;Francisco Santander		CC_BY_4_0		Sergio Alvarado		native	2026-07-18T20:27:20.383Z		OCCURRENCE_STATUS_INFERRED_FROM_INDIVIDUAL_COUNT
3359689381	ec377d02-c837-445a-9a35-d600adbf0ba0	MMA:GEFMONT:ALM:U11:M5_4	Animalia	Chordata	Aves	Passeriformes	Turdidae	Turdus	Turdus falcklandii		SPECIES	Turdus falcklandii Quoy & Gaimard, 1824	Turdus falcklandii	Quoy & Gaimard, 1824	CL	Fundo El Almendral	Región Metropolitana de Santiago	PRESENT	2	bf0d80b3-46da-4e60-b1cf-39f2320acb43									2020-05-01	1	5	2020	7CZ7W	7CZ7W	HUMAN_OBSERVATION	MMA:GEFMONT	GEFMONT:ALM:U	ALM:U11:M5_4		Sergio Alvarado;Francisco Santander		CC_BY_4_0		Sergio Alvarado		native	2026-07-18T20:27:20.383Z		OCCURRENCE_STATUS_INFERRED_FROM_INDIVIDUAL_COUNT
3359689380	ec377d02-c837-445a-9a35-d600adbf0ba0	MMA:GEFMONT:ALM:U8:M4_6	Animalia	Chordata	Aves	Charadriiformes	Charadriidae	Vanellus	Vanellus chilensis		SPECIES	Vanellus chilensis (Molina, 1782)	Vanellus chilensis	Molina, 1782	CL	Fundo El Almendral	Región Metropolitana de Santiago	PRESENT	1	bf0d80b3-46da-4e60-b1cf-39f2320acb43									2020-03-28	28	3	2020	7FFJ9	7FFJ9	HUMAN_OBSERVATION	MMA:GEFMONT	GEFMONT:ALM:U	ALM:U8:M4_6		Sergio Alvarado;Francisco Santander		CC_BY_4_0		Sergio Alvarado		native	2026-07-18T20:27:20.383Z		OCCURRENCE_STATUS_INFERRED_FROM_INDIVIDUAL_COUNT
3359689379	ec377d02-c837-445a-9a35-d600adbf0ba0	MMA:GEFMONT:ALM:U8:M4_5	Animalia	Chordata	Aves	Piciformes	Picidae	Colaptes	Colaptes pitius		SPECIES	Colaptes pitius (Molina, 1782)	Colaptes pitius	Molina, 1782	CL	Fundo El Almendral	Región Metropolitana de Santiago	PRESENT	1	bf0d80b3-46da-4e60-b1cf-39f2320acb43									2020-03-28	28	3	2020	WX2S	WX2S	HUMAN_OBSERVATION	MMA:GEFMONT	GEFMONT:ALM:U	ALM:U8:M4_5		Sergio Alvarado;Francisco Santander		CC_BY_4_0		Sergio Alvarado		native	2026-07-18T20:27:20.383Z		OCCURRENCE_STATUS_INFERRED_FROM_INDIVIDUAL_COUNT
3359689378	ec377d02-c837-445a-9a35-d600adbf0ba0	MMA:GEFMONT:ALM:U8:M4_4	Animalia	Chordata	Aves	Passeriformes	Icteridae	Leistes	Leistes loyca		SPECIES	Leistes loyca (Molina, 1782)	Leistes loyca	Molina, 1782	CL	Fundo El Almendral	Región Metropolitana de Santiago	PRESENT	1	bf0d80b3-46da-4e60-b1cf-39f2320acb43									2020-03-28	28	3	2020	DDCWV	DDCWV	HUMAN_OBSERVATION	MMA:GEFMONT	GEFMONT:ALM:U	ALM:U8:M4_4		Sergio Alvarado;Francisco Santander		CC_BY_4_0		Sergio Alvarado		native	2026-07-18T20:27:20.382Z		OCCURRENCE_STATUS_INFERRED_FROM_INDIVIDUAL_COUNT
3359689377	ec377d02-c837-445a-9a35-d600adbf0ba0	MMA:GEFMONT:ALM:U8:M4_3	Animalia	Chordata	Aves	Galliformes	Odontophoridae	Callipepla	Callipepla californica		SPECIES	Callipepla californica (Shaw, 1798)	Callipepla californica	Shaw, 1798	CL	Fundo El Almendral	Región Metropolitana de Santiago	PRESENT	1	bf0d80b3-46da-4e60-b1cf-39f2320acb43									2020-03-28	28	3	2020	PSBS	PSBS	HUMAN_OBSERVATION	MMA:GEFMONT	GEFMONT:ALM:U	ALM:U8:M4_3		Sergio Alvarado;Francisco Santander		CC_BY_4_0		Sergio Alvarado		introduced	2026-07-18T20:27:20.382Z		OCCURRENCE_STATUS_INFERRED_FROM_INDIVIDUAL_COUNT
3359689376	ec377d02-c837-445a-9a35-d600adbf0ba0	MMA:GEFMONT:ALM:U8:M4_2	Animalia	Chordata	Aves	Passeriformes	Passerellidae	Zonotrichia	Zonotrichia capensis		SPECIES	Zonotrichia capensis (P.L.S.Müller, 1776)	Zonotrichia capensis	Statius Müller, 1776	CL	Fundo El Almendral	Región Metropolitana de Santiago	PRESENT	2	bf0d80b3-46da-4e60-b1cf-39f2320acb43									2020-03-28	28	3	2020	5D763	5D763	HUMAN_OBSERVATION	MMA:GEFMONT	GEFMONT:ALM:U	ALM:U8:M4_2		Sergio Alvarado;Francisco Santander		CC_BY_4_0		Sergio Alvarado		native	2026-07-18T20:27:20.382Z		OCCURRENCE_STATUS_INFERRED_FROM_INDIVIDUAL_COUNT
3359689375	ec377d02-c837-445a-9a35-d600adbf0ba0	MMA:GEFMONT:ALM:U8:M4_1	Animalia	Chordata	Aves	Accipitriformes	Accipitridae	Parabuteo	Parabuteo unicinctus		SPECIES	Parabuteo unicinctus (Temminck, 1824)	Parabuteo unicinctus	Temminck, 1824	CL	Fundo El Almendral	Región Metropolitana de Santiago	PRESENT	1	bf0d80b3-46da-4e60-b1cf-39f2320acb43									2020-03-28	28	3	2020	4CN4R	4CN4R	HUMAN_OBSERVATION	MMA:GEFMONT	GEFMONT:ALM:U	ALM:U8:M4_1		Sergio Alvarado;Francisco Santander		CC_BY_4_0		Sergio Alvarado		native	2026-07-18T20:27:20.382Z		OCCURRENCE_STATUS_INFERRED_FROM_INDIVIDUAL_COUNT
3359689374	ec377d02-c837-445a-9a35-d600adbf0ba0	MMA:GEFMONT:ALM:U3:M5_1	Animalia	Chordata	Aves	Passeriformes	Tyrannidae	Anairetes	Anairetes parulus		SPECIES	Anairetes parulus (Kittlitz, 1830)	Anairetes parulus	Klittitz, 1830	CL	Fundo El Almendral	Región Metropolitana de Santiago	PRESENT	1	bf0d80b3-46da-4e60-b1cf-39f2320acb43									2020-05-01	1	5	2020	66K3Y	66K3Y	HUMAN_OBSERVATION	MMA:GEFMONT	GEFMONT:ALM:U	ALM:U3:M5_1		Sergio Alvarado;Francisco Santander		CC_BY_4_0		Sergio Alvarado		native	2026-07-18T20:27:20.312Z		OCCURRENCE_STATUS_INFERRED_FROM_INDIVIDUAL_COUNT
3359689373	ec377d02-c837-445a-9a35-d600adbf0ba0	MMA:GEFMONT:ALM:U3:M5_2	Animalia	Chordata	Aves	Passeriformes	Troglodytidae	Troglodytes	Troglodytes aedon		SPECIES	Troglodytes aedon Vieillot, 1809	Troglodytes aedon	Vieillot, 1809	CL	Fundo El Almendral	Región Metropolitana de Santiago	PRESENT	1	bf0d80b3-46da-4e60-b1cf-39f2320acb43									2020-05-01	1	5	2020	598SY	598SY	HUMAN_OBSERVATION	MMA:GEFMONT	GEFMONT:ALM:U	ALM:U3:M5_2		Sergio Alvarado;Francisco Santander		CC_BY_4_0		Sergio Alvarado		native	2026-07-18T20:27:20.312Z		OCCURRENCE_STATUS_INFERRED_FROM_INDIVIDUAL_COUNT
3359689372	ec377d02-c837-445a-9a35-d600adbf0ba0	MMA:GEFMONT:ALM:U3:M5_3	Animalia	Chordata	Aves	Piciformes	Picidae	Colaptes	Colaptes pitius		SPECIES	Colaptes pitius (Molina, 1782)	Colaptes pitius	Molina, 1782	CL	Fundo El Almendral	Región Metropolitana de Santiago	PRESENT	1	bf0d80b3-46da-4e60-b1cf-39f2320acb43									2020-05-01	1	5	2020	WX2S	WX2S	HUMAN_OBSERVATION	MMA:GEFMONT	GEFMONT:ALM:U	ALM:U3:M5_3		Sergio Alvarado;Francisco Santander		CC_BY_4_0		Sergio Alvarado		native	2026-07-18T20:27:20.312Z		OCCURRENCE_STATUS_INFERRED_FROM_INDIVIDUAL_COUNT
3359689371	ec377d02-c837-445a-9a35-d600adbf0ba0	MMA:GEFMONT:ALM:U3:M5_4	Animalia	Chordata	Aves	Columbiformes	Columbidae	Columbina	Columbina picui		SPECIES	Columbina picui (Temminck, 1813)	Columbina picui	Temminck, 1813	CL	Fundo El Almendral	Región Metropolitana de Santiago	PRESENT	1	bf0d80b3-46da-4e60-b1cf-39f2320acb43									2020-05-01	1	5	2020	5ZPZZ	5ZPZZ	HUMAN_OBSERVATION	MMA:GEFMONT	GEFMONT:ALM:U	ALM:U3:M5_4		Sergio Alvarado;Francisco Santander		CC_BY_4_0		Sergio Alvarado		native	2026-07-18T20:27:20.312Z		OCCURRENCE_STATUS_INFERRED_FROM_INDIVIDUAL_COUNT
3359689370	ec377d02-c837-445a-9a35-d600adbf0ba0	MMA:GEFMONT:ALM:E3:M3_2	Animalia	Chordata	Aves	Accipitriformes	Accipitridae	Geranoaetus	Geranoaetus melanoleucus		SPECIES	Geranoaetus melanoleucus (Vieillot, 1819)	Geranoaetus melanoleucus	Vieillot, 1819	CL	Fundo El Almendral	Región Metropolitana de Santiago	PRESENT	2	bf0d80b3-46da-4e60-b1cf-39f2320acb43									2020-02-29	29	2	2020	3FVCC	3FVCC	HUMAN_OBSERVATION	MMA:GEFMONT	GEFMONT:ALM:E	ALM:E3:M3_2		Sergio Alvarado;Francisco Santander		CC_BY_4_0		Sergio Alvarado		native	2026-07-18T20:27:20.312Z		OCCURRENCE_STATUS_INFERRED_FROM_INDIVIDUAL_COUNT
3359689369	ec377d02-c837-445a-9a35-d600adbf0ba0	MMA:GEFMONT:ALM:E3:M3_1	Animalia	Chordata	Aves	Galliformes	Odontophoridae	Callipepla	Callipepla californica		SPECIES	Callipepla californica (Shaw, 1798)	Callipepla californica	Shaw, 1798	CL	Fundo El Almendral	Región Metropolitana de Santiago	PRESENT	1	bf0d80b3-46da-4e60-b1cf-39f2320acb43									2020-02-29	29	2	2020	PSBS	PSBS	HUMAN_OBSERVATION	MMA:GEFMONT	GEFMONT:ALM:E	ALM:E3:M3_1		Sergio Alvarado;Francisco Santander		CC_BY_4_0		Sergio Alvarado		introduced	2026-07-18T20:27:20.312Z		OCCURRENCE_STATUS_INFERRED_FROM_INDIVIDUAL_COUNT
3359689368	ec377d02-c837-445a-9a35-d600adbf0ba0	MMA:GEFMONT:ALM:U7:M4_1	Animalia	Chordata	Aves	Charadriiformes	Charadriidae	Vanellus	Vanellus chilensis		SPECIES	Vanellus chilensis (Molina, 1782)	Vanellus chilensis	Molina, 1782	CL	Fundo El Almendral	Región Metropolitana de Santiago	PRESENT	1	bf0d80b3-46da-4e60-b1cf-39f2320acb43									2020-03-28	28	3	2020	7FFJ9	7FFJ9	HUMAN_OBSERVATION	MMA:GEFMONT	GEFMONT:ALM:U	ALM:U7:M4_1		Sergio Alvarado;Francisco Santander		CC_BY_4_0		Sergio Alvarado		native	2026-07-18T20:27:20.312Z		OCCURRENCE_STATUS_INFERRED_FROM_INDIVIDUAL_COUNT
3359689367	ec377d02-c837-445a-9a35-d600adbf0ba0	MMA:GEFMONT:ALM:U7:M4_2	Animalia	Chordata	Aves	Passeriformes	Icteridae	Curaeus	Curaeus curaeus		SPECIES	Curaeus curaeus (Molina, 1782)	Curaeus curaeus	Molina, 1782	CL	Fundo El Almendral	Región Metropolitana de Santiago	PRESENT	5	bf0d80b3-46da-4e60-b1cf-39f2320acb43									2020-03-28	28	3	2020	32G3G	32G3G	HUMAN_OBSERVATION	MMA:GEFMONT	GEFMONT:ALM:U	ALM:U7:M4_2		Sergio Alvarado;Francisco Santander		CC_BY_4_0		Sergio Alvarado		native	2026-07-18T20:27:20.311Z		OCCURRENCE_STATUS_INFERRED_FROM_INDIVIDUAL_COUNT
3359689366	ec377d02-c837-445a-9a35-d600adbf0ba0	MMA:GEFMONT:ALM:U4:M1_2	Animalia	Chordata	Aves	Passeriformes	Tyrannidae	Elaenia	Elaenia albiceps		SPECIES	Elaenia albiceps (Orbigny & Lafresnaye, 1837)	Elaenia albiceps	d'Orbigny y Lafresnaye, 1837	CL	Fundo El Almendral	Región Metropolitana de Santiago	PRESENT	6	bf0d80b3-46da-4e60-b1cf-39f2320acb43									2019-12-27	27	12	2019	38XGD	38XGD	HUMAN_OBSERVATION	MMA:GEFMONT	GEFMONT:ALM:U	ALM:U4:M1_2		Sergio Alvarado;Francisco Santander		CC_BY_4_0		Sergio Alvarado		native	2026-07-18T20:27:20.311Z		OCCURRENCE_STATUS_INFERRED_FROM_INDIVIDUAL_COUNT
3359689365	ec377d02-c837-445a-9a35-d600adbf0ba0	MMA:GEFMONT:ALM:U4:M1_1	Animalia	Chordata	Aves	Galliformes	Odontophoridae	Callipepla	Callipepla californica		SPECIES	Callipepla californica (Shaw, 1798)	Callipepla californica	Shaw, 1798	CL	Fundo El Almendral	Región Metropolitana de Santiago	PRESENT	2	bf0d80b3-46da-4e60-b1cf-39f2320acb43									2019-12-27	27	12	2019	PSBS	PSBS	HUMAN_OBSERVATION	MMA:GEFMONT	GEFMONT:ALM:U	ALM:U4:M1_1		Sergio Alvarado;Francisco Santander		CC_BY_4_0		Sergio Alvarado		introduced	2026-07-18T20:27:20.311Z		OCCURRENCE_STATUS_INFERRED_FROM_INDIVIDUAL_COUNT
3359689364	ec377d02-c837-445a-9a35-d600adbf0ba0	MMA:GEFMONT:ALM:E6:M2_1	Animalia	Chordata	Aves	Passeriformes	Troglodytidae	Troglodytes	Troglodytes aedon		SPECIES	Troglodytes aedon Vieillot, 1809	Troglodytes aedon	Vieillot, 1809	CL	Fundo El Almendral	Región Metropolitana de Santiago	PRESENT	1	bf0d80b3-46da-4e60-b1cf-39f2320acb43									2020-01-25	25	1	2020	598SY	598SY	HUMAN_OBSERVATION	MMA:GEFMONT	GEFMONT:ALM:E	ALM:E6:M2_1		Sergio Alvarado;Francisco Santander		CC_BY_4_0		Sergio Alvarado		native	2026-07-18T20:27:20.311Z		OCCURRENCE_STATUS_INFERRED_FROM_INDIVIDUAL_COUNT
3359689363	ec377d02-c837-445a-9a35-d600adbf0ba0	MMA:GEFMONT:ALM:U4:M1_5	Animalia	Chordata	Aves	Passeriformes	Turdidae	Turdus	Turdus falcklandii		SPECIES	Turdus falcklandii Quoy & Gaimard, 1824	Turdus falcklandii	Quoy & Gaimard, 1824	CL	Fundo El Almendral	Región Metropolitana de Santiago	PRESENT	1	bf0d80b3-46da-4e60-b1cf-39f2320acb43									2019-12-27	27	12	2019	7CZ7W	7CZ7W	HUMAN_OBSERVATION	MMA:GEFMONT	GEFMONT:ALM:U	ALM:U4:M1_5		Sergio Alvarado;Francisco Santander		CC_BY_4_0		Sergio Alvarado		native	2026-07-18T20:27:20.311Z		OCCURRENCE_STATUS_INFERRED_FROM_INDIVIDUAL_COUNT
3359689362	ec377d02-c837-445a-9a35-d600adbf0ba0	MMA:GEFMONT:ALM:U4:M1_4	Animalia	Chordata	Aves	Columbiformes	Columbidae	Zenaida	Zenaida auriculata		SPECIES	Zenaida auriculata (Des Murs, 1847)	Zenaida auriculata	Des Murs, 1847	CL	Fundo El Almendral	Región Metropolitana de Santiago	PRESENT	4	bf0d80b3-46da-4e60-b1cf-39f2320acb43									2019-12-27	27	12	2019	5D2BV	5D2BV	HUMAN_OBSERVATION	MMA:GEFMONT	GEFMONT:ALM:U	ALM:U4:M1_4		Sergio Alvarado;Francisco Santander		CC_BY_4_0		Sergio Alvarado		native	2026-07-18T20:27:20.311Z		OCCURRENCE_STATUS_INFERRED_FROM_INDIVIDUAL_COUNT
3359689361	ec377d02-c837-445a-9a35-d600adbf0ba0	MMA:GEFMONT:ALM:U1:M2_2	Animalia	Chordata	Aves	Piciformes	Picidae	Colaptes	Colaptes pitius		SPECIES	Colaptes pitius (Molina, 1782)	Colaptes pitius	Molina, 1782	CL	Fundo El Almendral	Región Metropolitana de Santiago	PRESENT	1	bf0d80b3-46da-4e60-b1cf-39f2320acb43									2020-01-25	25	1	2020	WX2S	WX2S	HUMAN_OBSERVATION	MMA:GEFMONT	GEFMONT:ALM:U	ALM:U1:M2_2		Sergio Alvarado;Francisco Santander		CC_BY_4_0		Sergio Alvarado		native	2026-07-18T20:27:20.311Z		OCCURRENCE_STATUS_INFERRED_FROM_INDIVIDUAL_COUNT
3359689360	ec377d02-c837-445a-9a35-d600adbf0ba0	MMA:GEFMONT:ALM:E6:M2_3	Animalia	Chordata	Aves	Accipitriformes	Accipitridae	Parabuteo	Parabuteo unicinctus		SPECIES	Parabuteo unicinctus (Temminck, 1824)	Parabuteo unicinctus	Temminck, 1824	CL	Fundo El Almendral	Región Metropolitana de Santiago	PRESENT	1	bf0d80b3-46da-4e60-b1cf-39f2320acb43									2020-01-25	25	1	2020	4CN4R	4CN4R	HUMAN_OBSERVATION	MMA:GEFMONT	GEFMONT:ALM:E	ALM:E6:M2_3		Sergio Alvarado;Francisco Santander		CC_BY_4_0		Sergio Alvarado		native	2026-07-18T20:27:20.311Z		OCCURRENCE_STATUS_INFERRED_FROM_INDIVIDUAL_COUNT
3359689359	ec377d02-c837-445a-9a35-d600adbf0ba0	MMA:GEFMONT:ALM:U4:M1_3	Animalia	Chordata	Aves	Piciformes	Picidae	Colaptes	Colaptes pitius		SPECIES	Colaptes pitius (Molina, 1782)	Colaptes pitius	Molina, 1782	CL	Fundo El Almendral	Región Metropolitana de Santiago	PRESENT	1	bf0d80b3-46da-4e60-b1cf-39f2320acb43									2019-12-27	27	12	2019	WX2S	WX2S	HUMAN_OBSERVATION	MMA:GEFMONT	GEFMONT:ALM:U	ALM:U4:M1_3		Sergio Alvarado;Francisco Santander		CC_BY_4_0		Sergio Alvarado		native	2026-07-18T20:27:20.310Z		OCCURRENCE_STATUS_INFERRED_FROM_INDIVIDUAL_COUNT
3359689358	ec377d02-c837-445a-9a35-d600adbf0ba0	MMA:GEFMONT:ALM:U1:M2_1	Animalia	Chordata	Aves	Passeriformes	Tyrannidae	Elaenia	Elaenia albiceps		SPECIES	Elaenia albiceps (Orbigny & Lafresnaye, 1837)	Elaenia albiceps	d'Orbigny y Lafresnaye, 1837	CL	Fundo El Almendral	Región Metropolitana de Santiago	PRESENT	1	bf0d80b3-46da-4e60-b1cf-39f2320acb43									2020-01-25	25	1	2020	38XGD	38XGD	HUMAN_OBSERVATION	MMA:GEFMONT	GEFMONT:ALM:U	ALM:U1:M2_1		Sergio Alvarado;Francisco Santander		CC_BY_4_0		Sergio Alvarado		native	2026-07-18T20:27:20.310Z		OCCURRENCE_STATUS_INFERRED_FROM_INDIVIDUAL_COUNT
3359689357	ec377d02-c837-445a-9a35-d600adbf0ba0	MMA:GEFMONT:ALM:E6:M2_2	Animalia	Chordata	Aves	Accipitriformes	Accipitridae	Geranoaetus	Geranoaetus polyosoma		SPECIES	Geranoaetus polyosoma (Quoy & Gaimard, 1824)	Geranoaetus polyosoma	Quoy & Gaimard, 1824	CL	Fundo El Almendral	Región Metropolitana de Santiago	PRESENT	1	bf0d80b3-46da-4e60-b1cf-39f2320acb43									2020-01-25	25	1	2020	CV6ND	CV6ND	HUMAN_OBSERVATION	MMA:GEFMONT	GEFMONT:ALM:E	ALM:E6:M2_2		Sergio Alvarado;Francisco Santander		CC_BY_4_0		Sergio Alvarado		native	2026-07-18T20:27:20.310Z		OCCURRENCE_STATUS_INFERRED_FROM_INDIVIDUAL_COUNT
3359689356	ec377d02-c837-445a-9a35-d600adbf0ba0	MMA:GEFMONT:ALM:N2:M8_1	Animalia	Chordata	Aves	Strigiformes	Strigidae	Bubo	Bubo magellanicus		SPECIES	Bubo magellanicus (Gmelin, 1788)	Bubo magellanicus	Gmelin, 1788	CL	Fundo El Almendral	Región Metropolitana de Santiago	PRESENT	1	bf0d80b3-46da-4e60-b1cf-39f2320acb43									2020-10-01	1	10	2020	68SFN	68SFN	HUMAN_OBSERVATION	MMA:GEFMONT	GEFMONT:ALM:N	ALM:N2:M8_1		Sergio Alvarado;Francisco Santander		CC_BY_4_0		Sergio Alvarado		native	2026-07-18T20:27:20.280Z		OCCURRENCE_STATUS_INFERRED_FROM_INDIVIDUAL_COUNT
3359689355	ec377d02-c837-445a-9a35-d600adbf0ba0	MMA:GEFMONT:ALM:N2:M8_2	Animalia	Chordata	Aves	Strigiformes	Strigidae	Glaucidium	Glaucidium nana		SPECIES	Glaucidium nana (P.P.King, 1827)	Glaucidium nana	King, 1828	CL	Fundo El Almendral	Región Metropolitana de Santiago	PRESENT	1	bf0d80b3-46da-4e60-b1cf-39f2320acb43									2020-10-01	1	10	2020	3G644	3G644	HUMAN_OBSERVATION	MMA:GEFMONT	GEFMONT:ALM:N	ALM:N2:M8_2		Sergio Alvarado;Francisco Santander		CC_BY_4_0		Sergio Alvarado		native	2026-07-18T20:27:20.280Z		OCCURRENCE_STATUS_INFERRED_FROM_INDIVIDUAL_COUNT
3359689354	ec377d02-c837-445a-9a35-d600adbf0ba0	MMA:GEFMONT:ALM:U11:M8_4	Animalia	Chordata	Aves	Columbiformes	Columbidae	Columbina	Columbina picui		SPECIES	Columbina picui (Temminck, 1813)	Columbina picui	Temminck, 1813	CL	Fundo El Almendral	Región Metropolitana de Santiago	PRESENT	1	bf0d80b3-46da-4e60-b1cf-39f2320acb43									2020-10-01	1	10	2020	5ZPZZ	5ZPZZ	HUMAN_OBSERVATION	MMA:GEFMONT	GEFMONT:ALM:U	ALM:U11:M8_4		Sergio Alvarado;Francisco Santander		CC_BY_4_0		Sergio Alvarado		native	2026-07-18T20:27:20.280Z		OCCURRENCE_STATUS_INFERRED_FROM_INDIVIDUAL_COUNT
3359689353	ec377d02-c837-445a-9a35-d600adbf0ba0	MMA:GEFMONT:ALM:E1:M8_2	Animalia	Chordata	Aves	Passeriformes	Rhinocryptidae	Pteroptochos	Pteroptochos megapodius		SPECIES	Pteroptochos megapodius Kittlitz, 1830	Pteroptochos megapodius	Kittlitz, 1830	CL	Fundo El Almendral	Región Metropolitana de Santiago	PRESENT	1	bf0d80b3-46da-4e60-b1cf-39f2320acb43									2020-10-01	1	10	2020	4Q2S6	4Q2S6	HUMAN_OBSERVATION	MMA:GEFMONT	GEFMONT:ALM:E	ALM:E1:M8_2		Sergio Alvarado;Francisco Santander		CC_BY_4_0		Sergio Alvarado		native	2026-07-18T20:27:20.279Z		OCCURRENCE_STATUS_INFERRED_FROM_INDIVIDUAL_COUNT
3359689352	ec377d02-c837-445a-9a35-d600adbf0ba0	MMA:GEFMONT:ALM:U8:M3_7	Animalia	Chordata	Aves	Passeriformes	Icteridae	Curaeus	Curaeus curaeus		SPECIES	Curaeus curaeus (Molina, 1782)	Curaeus curaeus	Molina, 1782	CL	Fundo El Almendral	Región Metropolitana de Santiago	PRESENT	3	bf0d80b3-46da-4e60-b1cf-39f2320acb43									2020-02-29	29	2	2020	32G3G	32G3G	HUMAN_OBSERVATION	MMA:GEFMONT	GEFMONT:ALM:U	ALM:U8:M3_7		Sergio Alvarado;Francisco Santander		CC_BY_4_0		Sergio Alvarado		native	2026-07-18T20:27:20.279Z		OCCURRENCE_STATUS_INFERRED_FROM_INDIVIDUAL_COUNT
3359689351	ec377d02-c837-445a-9a35-d600adbf0ba0	MMA:GEFMONT:ALM:E1:M8_1	Animalia	Chordata	Aves	Passeriformes	Rhinocryptidae	Pteroptochos	Pteroptochos megapodius		SPECIES	Pteroptochos megapodius Kittlitz, 1830	Pteroptochos megapodius	Kittlitz, 1830	CL	Fundo El Almendral	Región Metropolitana de Santiago	PRESENT	1	bf0d80b3-46da-4e60-b1cf-39f2320acb43									2020-10-01	1	10	2020	4Q2S6	4Q2S6	HUMAN_OBSERVATION	MMA:GEFMONT	GEFMONT:ALM:E	ALM:E1:M8_1		Sergio Alvarado;Francisco Santander		CC_BY_4_0		Sergio Alvarado		native	2026-07-18T20:27:20.279Z		OCCURRENCE_STATUS_INFERRED_FROM_INDIVIDUAL_COUNT
3359689350	ec377d02-c837-445a-9a35-d600adbf0ba0	MMA:GEFMONT:ALM:U8:M3_6	Animalia	Chordata	Aves	Passeriformes	Turdidae	Turdus	Turdus falcklandii		SPECIES	Turdus falcklandii Quoy & Gaimard, 1824	Turdus falcklandii	Quoy & Gaimard, 1824	CL	Fundo El Almendral	Región Metropolitana de Santiago	PRESENT	1	bf0d80b3-46da-4e60-b1cf-39f2320acb43									2020-02-29	29	2	2020	7CZ7W	7CZ7W	HUMAN_OBSERVATION	MMA:GEFMONT	GEFMONT:ALM:U	ALM:U8:M3_6		Sergio Alvarado;Francisco Santander		CC_BY_4_0		Sergio Alvarado		native	2026-07-18T20:27:20.279Z		OCCURRENCE_STATUS_INFERRED_FROM_INDIVIDUAL_COUNT
3359689349	ec377d02-c837-445a-9a35-d600adbf0ba0	MMA:GEFMONT:ALM:E1:M8_4	Animalia	Chordata	Aves	Accipitriformes	Accipitridae	Geranoaetus	Geranoaetus polyosoma		SPECIES	Geranoaetus polyosoma (Quoy & Gaimard, 1824)	Geranoaetus polyosoma	Quoy & Gaimard, 1824	CL	Fundo El Almendral	Región Metropolitana de Santiago	PRESENT	1	bf0d80b3-46da-4e60-b1cf-39f2320acb43									2020-10-01	1	10	2020	CV6ND	CV6ND	HUMAN_OBSERVATION	MMA:GEFMONT	GEFMONT:ALM:E	ALM:E1:M8_4		Sergio Alvarado;Francisco Santander		CC_BY_4_0		Sergio Alvarado		native	2026-07-18T20:27:20.246Z		OCCURRENCE_STATUS_INFERRED_FROM_INDIVIDUAL_COUNT
3359689348	ec377d02-c837-445a-9a35-d600adbf0ba0	MMA:GEFMONT:ALM:U8:M3_5	Animalia	Chordata	Aves	Columbiformes	Columbidae	Columbina	Columbina picui		SPECIES	Columbina picui (Temminck, 1813)	Columbina picui	Temminck, 1813	CL	Fundo El Almendral	Región Metropolitana de Santiago	PRESENT	5	bf0d80b3-46da-4e60-b1cf-39f2320acb43									2020-02-29	29	2	2020	5ZPZZ	5ZPZZ	HUMAN_OBSERVATION	MMA:GEFMONT	GEFMONT:ALM:U	ALM:U8:M3_5		Sergio Alvarado;Francisco Santander		CC_BY_4_0		Sergio Alvarado		native	2026-07-18T20:27:20.245Z		OCCURRENCE_STATUS_INFERRED_FROM_INDIVIDUAL_COUNT
3359689347	ec377d02-c837-445a-9a35-d600adbf0ba0	MMA:GEFMONT:ALM:E1:M8_3	Animalia	Chordata	Aves	Accipitriformes	Accipitridae	Geranoaetus	Geranoaetus melanoleucus		SPECIES	Geranoaetus melanoleucus (Vieillot, 1819)	Geranoaetus melanoleucus	Vieillot, 1819	CL	Fundo El Almendral	Región Metropolitana de Santiago	PRESENT	4	bf0d80b3-46da-4e60-b1cf-39f2320acb43									2020-10-01	1	10	2020	3FVCC	3FVCC	HUMAN_OBSERVATION	MMA:GEFMONT	GEFMONT:ALM:E	ALM:E1:M8_3		Sergio Alvarado;Francisco Santander		CC_BY_4_0		Sergio Alvarado		native	2026-07-18T20:27:20.217Z		OCCURRENCE_STATUS_INFERRED_FROM_INDIVIDUAL_COUNT
3359689346	ec377d02-c837-445a-9a35-d600adbf0ba0	MMA:GEFMONT:ALM:U8:M3_4	Animalia	Chordata	Aves	Columbiformes	Columbidae	Zenaida	Zenaida meloda		SPECIES	Zenaida meloda (Tschudi, 1843)	Zenaida meloda	Tschudi, 1843	CL	Fundo El Almendral	Región Metropolitana de Santiago	PRESENT	1	bf0d80b3-46da-4e60-b1cf-39f2320acb43									2020-02-29	29	2	2020	5D2C2	5D2C2	HUMAN_OBSERVATION	MMA:GEFMONT	GEFMONT:ALM:U	ALM:U8:M3_4		Sergio Alvarado;Francisco Santander		CC_BY_4_0		Sergio Alvarado		native	2026-07-18T20:27:20.136Z		OCCURRENCE_STATUS_INFERRED_FROM_INDIVIDUAL_COUNT
3359689345	ec377d02-c837-445a-9a35-d600adbf0ba0	MMA:GEFMONT:ALM:U8:M3_3	Animalia	Chordata	Aves	Passeriformes	Thraupidae	Diuca	Diuca diuca		SPECIES	Diuca diuca (Molina, 1782)	Diuca diuca	Molina, 1782	CL	Fundo El Almendral	Región Metropolitana de Santiago	PRESENT	7	bf0d80b3-46da-4e60-b1cf-39f2320acb43									2020-02-29	29	2	2020	36ZKR	36ZKR	HUMAN_OBSERVATION	MMA:GEFMONT	GEFMONT:ALM:U	ALM:U8:M3_3		Sergio Alvarado;Francisco Santander		CC_BY_4_0		Sergio Alvarado		native	2026-07-18T20:27:20.123Z		OCCURRENCE_STATUS_INFERRED_FROM_INDIVIDUAL_COUNT
3359689344	ec377d02-c837-445a-9a35-d600adbf0ba0	MMA:GEFMONT:ALM:U8:M3_2	Animalia	Chordata	Aves	Passeriformes	Troglodytidae	Troglodytes	Troglodytes aedon		SPECIES	Troglodytes aedon Vieillot, 1809	Troglodytes aedon	Vieillot, 1809	CL	Fundo El Almendral	Región Metropolitana de Santiago	PRESENT	1	bf0d80b3-46da-4e60-b1cf-39f2320acb43									2020-02-29	29	2	2020	598SY	598SY	HUMAN_OBSERVATION	MMA:GEFMONT	GEFMONT:ALM:U	ALM:U8:M3_2		Sergio Alvarado;Francisco Santander		CC_BY_4_0		Sergio Alvarado		native	2026-07-18T20:27:20.123Z		OCCURRENCE_STATUS_INFERRED_FROM_INDIVIDUAL_COUNT
3359689343	ec377d02-c837-445a-9a35-d600adbf0ba0	MMA:GEFMONT:ALM:U8:M3_1	Animalia	Chordata	Aves	Accipitriformes	Accipitridae	Parabuteo	Parabuteo unicinctus		SPECIES	Parabuteo unicinctus (Temminck, 1824)	Parabuteo unicinctus	Temminck, 1824	CL	Fundo El Almendral	Región Metropolitana de Santiago	PRESENT	1	bf0d80b3-46da-4e60-b1cf-39f2320acb43									2020-02-29	29	2	2020	4CN4R	4CN4R	HUMAN_OBSERVATION	MMA:GEFMONT	GEFMONT:ALM:U	ALM:U8:M3_1		Sergio Alvarado;Francisco Santander		CC_BY_4_0		Sergio Alvarado		native	2026-07-18T20:27:20.123Z		OCCURRENCE_STATUS_INFERRED_FROM_INDIVIDUAL_COUNT
3359689342	ec377d02-c837-445a-9a35-d600adbf0ba0	MMA:GEFMONT:ALM:U3:M8_1	Animalia	Chordata	Aves	Galliformes	Odontophoridae	Callipepla	Callipepla californica		SPECIES	Callipepla californica (Shaw, 1798)	Callipepla californica	Shaw, 1798	CL	Fundo El Almendral	Región Metropolitana de Santiago	PRESENT	1	bf0d80b3-46da-4e60-b1cf-39f2320acb43									2020-10-01	1	10	2020	PSBS	PSBS	HUMAN_OBSERVATION	MMA:GEFMONT	GEFMONT:ALM:U	ALM:U3:M8_1		Sergio Alvarado;Francisco Santander		CC_BY_4_0		Sergio Alvarado		introduced	2026-07-18T20:27:20.123Z		OCCURRENCE_STATUS_INFERRED_FROM_INDIVIDUAL_COUNT
3359689341	ec377d02-c837-445a-9a35-d600adbf0ba0	MMA:GEFMONT:ALM:U3:M8_2	Animalia	Chordata	Aves	Piciformes	Picidae	Colaptes	Colaptes pitius		SPECIES	Colaptes pitius (Molina, 1782)	Colaptes pitius	Molina, 1782	CL	Fundo El Almendral	Región Metropolitana de Santiago	PRESENT	1	bf0d80b3-46da-4e60-b1cf-39f2320acb43									2020-10-01	1	10	2020	WX2S	WX2S	HUMAN_OBSERVATION	MMA:GEFMONT	GEFMONT:ALM:U	ALM:U3:M8_2		Sergio Alvarado;Francisco Santander		CC_BY_4_0		Sergio Alvarado		native	2026-07-18T20:27:20.123Z		OCCURRENCE_STATUS_INFERRED_FROM_INDIVIDUAL_COUNT
3359689340	ec377d02-c837-445a-9a35-d600adbf0ba0	MMA:GEFMONT:ALM:E3:M2_4	Animalia	Chordata	Aves	Accipitriformes	Cathartidae	Vultur	Vultur gryphus		SPECIES	Vultur gryphus Linnaeus, 1758	Vultur gryphus	Linnaeus, 1758	CL	Fundo El Almendral	Región Metropolitana de Santiago	PRESENT	1	bf0d80b3-46da-4e60-b1cf-39f2320acb43									2020-01-25	25	1	2020	5BSLM	5BSLM	HUMAN_OBSERVATION	MMA:GEFMONT	GEFMONT:ALM:E	ALM:E3:M2_4		Sergio Alvarado;Francisco Santander		CC_BY_4_0		Sergio Alvarado		native	2026-07-18T20:27:20.123Z		OCCURRENCE_STATUS_INFERRED_FROM_INDIVIDUAL_COUNT
3359689339	ec377d02-c837-445a-9a35-d600adbf0ba0	MMA:GEFMONT:ALM:E3:M2_3	Animalia	Chordata	Aves	Passeriformes	Troglodytidae	Troglodytes	Troglodytes aedon		SPECIES	Troglodytes aedon Vieillot, 1809	Troglodytes aedon	Vieillot, 1809	CL	Fundo El Almendral	Región Metropolitana de Santiago	PRESENT	1	bf0d80b3-46da-4e60-b1cf-39f2320acb43									2020-01-25	25	1	2020	598SY	598SY	HUMAN_OBSERVATION	MMA:GEFMONT	GEFMONT:ALM:E	ALM:E3:M2_3		Sergio Alvarado;Francisco Santander		CC_BY_4_0		Sergio Alvarado		native	2026-07-18T20:27:20.122Z		OCCURRENCE_STATUS_INFERRED_FROM_INDIVIDUAL_COUNT
3359689338	ec377d02-c837-445a-9a35-d600adbf0ba0	MMA:GEFMONT:ALM:E3:M2_2	Animalia	Chordata	Aves	Passeriformes	Troglodytidae	Troglodytes	Troglodytes aedon		SPECIES	Troglodytes aedon Vieillot, 1809	Troglodytes aedon	Vieillot, 1809	CL	Fundo El Almendral	Región Metropolitana de Santiago	PRESENT	1	bf0d80b3-46da-4e60-b1cf-39f2320acb43									2020-01-25	25	1	2020	598SY	598SY	HUMAN_OBSERVATION	MMA:GEFMONT	GEFMONT:ALM:E	ALM:E3:M2_2		Sergio Alvarado;Francisco Santander		CC_BY_4_0		Sergio Alvarado		native	2026-07-18T20:27:20.122Z		OCCURRENCE_STATUS_INFERRED_FROM_INDIVIDUAL_COUNT
3359689337	ec377d02-c837-445a-9a35-d600adbf0ba0	MMA:GEFMONT:ALM:E3:M2_1	Animalia	Chordata	Aves	Falconiformes	Falconidae	Falco	Falco sparverius		SPECIES	Falco sparverius Linnaeus, 1758	Falco sparverius	Linnaeus, 1758	CL	Fundo El Almendral	Región Metropolitana de Santiago	PRESENT	1	bf0d80b3-46da-4e60-b1cf-39f2320acb43									2020-01-25	25	1	2020	3DTGT	3DTGT	HUMAN_OBSERVATION	MMA:GEFMONT	GEFMONT:ALM:E	ALM:E3:M2_1		Sergio Alvarado;Francisco Santander		CC_BY_4_0		Sergio Alvarado		native	2026-07-18T20:27:20.121Z		OCCURRENCE_STATUS_INFERRED_FROM_INDIVIDUAL_COUNT
3359689336	ec377d02-c837-445a-9a35-d600adbf0ba0	MMA:GEFMONT:ALM:U4:M2_1	Animalia	Chordata	Aves	Galliformes	Odontophoridae	Callipepla	Callipepla californica		SPECIES	Callipepla californica (Shaw, 1798)	Callipepla californica	Shaw, 1798	CL	Fundo El Almendral	Región Metropolitana de Santiago	PRESENT	1	bf0d80b3-46da-4e60-b1cf-39f2320acb43									2020-01-25	25	1	2020	PSBS	PSBS	HUMAN_OBSERVATION	MMA:GEFMONT	GEFMONT:ALM:U	ALM:U4:M2_1		Sergio Alvarado;Francisco Santander		CC_BY_4_0		Sergio Alvarado		introduced	2026-07-18T20:27:20.121Z		OCCURRENCE_STATUS_INFERRED_FROM_INDIVIDUAL_COUNT
3359689335	ec377d02-c837-445a-9a35-d600adbf0ba0	MMA:GEFMONT:ALM:E6:M3_3	Animalia	Chordata	Aves	Accipitriformes	Accipitridae	Parabuteo	Parabuteo unicinctus		SPECIES	Parabuteo unicinctus (Temminck, 1824)	Parabuteo unicinctus	Temminck, 1824	CL	Fundo El Almendral	Región Metropolitana de Santiago	PRESENT	1	bf0d80b3-46da-4e60-b1cf-39f2320acb43									2020-02-29	29	2	2020	4CN4R	4CN4R	HUMAN_OBSERVATION	MMA:GEFMONT	GEFMONT:ALM:E	ALM:E6:M3_3		Sergio Alvarado;Francisco Santander		CC_BY_4_0		Sergio Alvarado		native	2026-07-18T20:27:20.120Z		OCCURRENCE_STATUS_INFERRED_FROM_INDIVIDUAL_COUNT
3359689334	ec377d02-c837-445a-9a35-d600adbf0ba0	MMA:GEFMONT:ALM:U1:M1_1	Animalia	Chordata	Aves	Piciformes	Picidae	Veniliornis	Veniliornis lignarius		SPECIES	Veniliornis lignarius (Molina, 1782)	Veniliornis lignarius	Molina, 1782	CL	Fundo El Almendral	Región Metropolitana de Santiago	PRESENT	1	bf0d80b3-46da-4e60-b1cf-39f2320acb43									2019-12-27	27	12	2019	7X7B8	7X7B8	HUMAN_OBSERVATION	MMA:GEFMONT	GEFMONT:ALM:U	ALM:U1:M1_1		Sergio Alvarado;Francisco Santander		CC_BY_4_0		Sergio Alvarado		native	2026-07-18T20:27:20.085Z		OCCURRENCE_STATUS_INFERRED_FROM_INDIVIDUAL_COUNT
3359689333	ec377d02-c837-445a-9a35-d600adbf0ba0	MMA:GEFMONT:ALM:U4:M2_3	Animalia	Chordata	Aves	Passeriformes	Turdidae	Turdus	Turdus falcklandii		SPECIES	Turdus falcklandii Quoy & Gaimard, 1824	Turdus falcklandii	Quoy & Gaimard, 1824	CL	Fundo El Almendral	Región Metropolitana de Santiago	PRESENT	3	bf0d80b3-46da-4e60-b1cf-39f2320acb43									2020-01-25	25	1	2020	7CZ7W	7CZ7W	HUMAN_OBSERVATION	MMA:GEFMONT	GEFMONT:ALM:U	ALM:U4:M2_3		Sergio Alvarado;Francisco Santander		CC_BY_4_0		Sergio Alvarado		native	2026-07-18T20:27:20.085Z		OCCURRENCE_STATUS_INFERRED_FROM_INDIVIDUAL_COUNT
3359689332	ec377d02-c837-445a-9a35-d600adbf0ba0	MMA:GEFMONT:ALM:U1:M1_3	Animalia	Chordata	Aves	Passeriformes	Icteridae	Curaeus	Curaeus curaeus		SPECIES	Curaeus curaeus (Molina, 1782)	Curaeus curaeus	Molina, 1782	CL	Fundo El Almendral	Región Metropolitana de Santiago	PRESENT	1	bf0d80b3-46da-4e60-b1cf-39f2320acb43									2019-12-27	27	12	2019	32G3G	32G3G	HUMAN_OBSERVATION	MMA:GEFMONT	GEFMONT:ALM:U	ALM:U1:M1_3		Sergio Alvarado;Francisco Santander		CC_BY_4_0		Sergio Alvarado		native	2026-07-18T20:27:20.085Z		OCCURRENCE_STATUS_INFERRED_FROM_INDIVIDUAL_COUNT
3359689331	ec377d02-c837-445a-9a35-d600adbf0ba0	MMA:GEFMONT:ALM:E6:M3_2	Animalia	Chordata	Aves	Passeriformes	Troglodytidae	Troglodytes	Troglodytes aedon		SPECIES	Troglodytes aedon Vieillot, 1809	Troglodytes aedon	Vieillot, 1809	CL	Fundo El Almendral	Región Metropolitana de Santiago	PRESENT	1	bf0d80b3-46da-4e60-b1cf-39f2320acb43									2020-02-29	29	2	2020	598SY	598SY	HUMAN_OBSERVATION	MMA:GEFMONT	GEFMONT:ALM:E	ALM:E6:M3_2		Sergio Alvarado;Francisco Santander		CC_BY_4_0		Sergio Alvarado		native	2026-07-18T20:27:20.085Z		OCCURRENCE_STATUS_INFERRED_FROM_INDIVIDUAL_COUNT
3359689330	ec377d02-c837-445a-9a35-d600adbf0ba0	MMA:GEFMONT:ALM:U4:M2_2	Animalia	Chordata	Aves	Passeriformes	Tyrannidae	Elaenia	Elaenia albiceps		SPECIES	Elaenia albiceps (Orbigny & Lafresnaye, 1837)	Elaenia albiceps	d'Orbigny y Lafresnaye, 1837	CL	Fundo El Almendral	Región Metropolitana de Santiago	PRESENT	1	bf0d80b3-46da-4e60-b1cf-39f2320acb43									2020-01-25	25	1	2020	38XGD	38XGD	HUMAN_OBSERVATION	MMA:GEFMONT	GEFMONT:ALM:U	ALM:U4:M2_2		Sergio Alvarado;Francisco Santander		CC_BY_4_0		Sergio Alvarado		native	2026-07-18T20:27:20.084Z		OCCURRENCE_STATUS_INFERRED_FROM_INDIVIDUAL_COUNT
3359689329	ec377d02-c837-445a-9a35-d600adbf0ba0	MMA:GEFMONT:ALM:U1:M1_2	Animalia	Chordata	Aves	Passeriformes	Tyrannidae	Elaenia	Elaenia albiceps		SPECIES	Elaenia albiceps (Orbigny & Lafresnaye, 1837)	Elaenia albiceps	d'Orbigny y Lafresnaye, 1837	CL	Fundo El Almendral	Región Metropolitana de Santiago	PRESENT	4	bf0d80b3-46da-4e60-b1cf-39f2320acb43									2019-12-27	27	12	2019	38XGD	38XGD	HUMAN_OBSERVATION	MMA:GEFMONT	GEFMONT:ALM:U	ALM:U1:M1_2		Sergio Alvarado;Francisco Santander		CC_BY_4_0		Sergio Alvarado		native	2026-07-18T20:27:20.034Z		OCCURRENCE_STATUS_INFERRED_FROM_INDIVIDUAL_COUNT
3359689328	ec377d02-c837-445a-9a35-d600adbf0ba0	MMA:GEFMONT:ALM:E6:M3_1	Animalia	Chordata	Aves	Galliformes	Odontophoridae	Callipepla	Callipepla californica		SPECIES	Callipepla californica (Shaw, 1798)	Callipepla californica	Shaw, 1798	CL	Fundo El Almendral	Región Metropolitana de Santiago	PRESENT	1	bf0d80b3-46da-4e60-b1cf-39f2320acb43									2020-02-29	29	2	2020	PSBS	PSBS	HUMAN_OBSERVATION	MMA:GEFMONT	GEFMONT:ALM:E	ALM:E6:M3_1		Sergio Alvarado;Francisco Santander		CC_BY_4_0		Sergio Alvarado		introduced	2026-07-18T20:27:19.993Z		OCCURRENCE_STATUS_INFERRED_FROM_INDIVIDUAL_COUNT
3359689327	ec377d02-c837-445a-9a35-d600adbf0ba0	MMA:GEFMONT:ALM:U1:M1_5	Animalia	Chordata	Aves	Columbiformes	Columbidae	Zenaida	Zenaida auriculata		SPECIES	Zenaida auriculata (Des Murs, 1847)	Zenaida auriculata	Des Murs, 1847	CL	Fundo El Almendral	Región Metropolitana de Santiago	PRESENT	1	bf0d80b3-46da-4e60-b1cf-39f2320acb43									2019-12-27	27	12	2019	5D2BV	5D2BV	HUMAN_OBSERVATION	MMA:GEFMONT	GEFMONT:ALM:U	ALM:U1:M1_5		Sergio Alvarado;Francisco Santander		CC_BY_4_0		Sergio Alvarado		native	2026-07-18T20:27:19.993Z		OCCURRENCE_STATUS_INFERRED_FROM_INDIVIDUAL_COUNT
3359689326	ec377d02-c837-445a-9a35-d600adbf0ba0	MMA:GEFMONT:ALM:U1:M1_4	Animalia	Chordata	Aves	Passeriformes	Turdidae	Turdus	Turdus falcklandii		SPECIES	Turdus falcklandii Quoy & Gaimard, 1824	Turdus falcklandii	Quoy & Gaimard, 1824	CL	Fundo El Almendral	Región Metropolitana de Santiago	PRESENT	1	bf0d80b3-46da-4e60-b1cf-39f2320acb43									2019-12-27	27	12	2019	7CZ7W	7CZ7W	HUMAN_OBSERVATION	MMA:GEFMONT	GEFMONT:ALM:U	ALM:U1:M1_4		Sergio Alvarado;Francisco Santander		CC_BY_4_0		Sergio Alvarado		native	2026-07-18T20:27:19.993Z		OCCURRENCE_STATUS_INFERRED_FROM_INDIVIDUAL_COUNT
3359689325	ec377d02-c837-445a-9a35-d600adbf0ba0	MMA:GEFMONT:ALM:U11:M7_3	Animalia	Chordata	Aves	Passeriformes	Furnariidae	Aphrastura	Aphrastura spinicauda		SPECIES	Aphrastura spinicauda (Gmelin, 1789)	Aphrastura spinicauda	Gmelin, 1789	CL	Fundo El Almendral	Región Metropolitana de Santiago	PRESENT	1	bf0d80b3-46da-4e60-b1cf-39f2320acb43									2020-08-28	28	8	2020	5VN2B	5VN2B	HUMAN_OBSERVATION	MMA:GEFMONT	GEFMONT:ALM:U	ALM:U11:M7_3		Sergio Alvarado;Francisco Santander		CC_BY_4_0		Sergio Alvarado		native	2026-07-18T20:27:19.950Z		OCCURRENCE_STATUS_INFERRED_FROM_INDIVIDUAL_COUNT
3359689324	ec377d02-c837-445a-9a35-d600adbf0ba0	MMA:GEFMONT:ALM:U11:M7_4	Animalia	Chordata	Aves	Passeriformes	Rhinocryptidae	Pteroptochos	Pteroptochos megapodius		SPECIES	Pteroptochos megapodius Kittlitz, 1830	Pteroptochos megapodius	Kittlitz, 1830	CL	Fundo El Almendral	Región Metropolitana de Santiago	PRESENT	1	bf0d80b3-46da-4e60-b1cf-39f2320acb43									2020-08-28	28	8	2020	4Q2S6	4Q2S6	HUMAN_OBSERVATION	MMA:GEFMONT	GEFMONT:ALM:U	ALM:U11:M7_4		Sergio Alvarado;Francisco Santander		CC_BY_4_0		Sergio Alvarado		native	2026-07-18T20:27:19.862Z		OCCURRENCE_STATUS_INFERRED_FROM_INDIVIDUAL_COUNT
3359689323	ec377d02-c837-445a-9a35-d600adbf0ba0	MMA:GEFMONT:ALM:U11:M7_1	Animalia	Chordata	Aves	Apodiformes	Trochilidae	Sephanoides	Sephanoides sephaniodes		SPECIES	Sephanoides sephanoides (R.Lesson & Garnot, 1827)	Sephanoides sephanoides	Lesson, 1827	CL	Fundo El Almendral	Región Metropolitana de Santiago	PRESENT	1	bf0d80b3-46da-4e60-b1cf-39f2320acb43									2020-08-28	28	8	2020	8J6ZQ	8J6ZP	HUMAN_OBSERVATION	MMA:GEFMONT	GEFMONT:ALM:U	ALM:U11:M7_1		Sergio Alvarado;Francisco Santander		CC_BY_4_0		Sergio Alvarado		native	2026-07-18T20:27:19.820Z		OCCURRENCE_STATUS_INFERRED_FROM_INDIVIDUAL_COUNT
3359689322	ec377d02-c837-445a-9a35-d600adbf0ba0	MMA:GEFMONT:ALM:U11:M7_2	Animalia	Chordata	Aves	Charadriiformes	Charadriidae	Vanellus	Vanellus chilensis		SPECIES	Vanellus chilensis (Molina, 1782)	Vanellus chilensis	Molina, 1782	CL	Fundo El Almendral	Región Metropolitana de Santiago	PRESENT	1	bf0d80b3-46da-4e60-b1cf-39f2320acb43									2020-08-28	28	8	2020	7FFJ9	7FFJ9	HUMAN_OBSERVATION	MMA:GEFMONT	GEFMONT:ALM:U	ALM:U11:M7_2		Sergio Alvarado;Francisco Santander		CC_BY_4_0		Sergio Alvarado		native	2026-07-18T20:27:19.820Z		OCCURRENCE_STATUS_INFERRED_FROM_INDIVIDUAL_COUNT
3359689321	ec377d02-c837-445a-9a35-d600adbf0ba0	MMA:GEFMONT:ALM:N3:M5_1	Animalia	Chordata	Aves	Strigiformes	Strigidae	Glaucidium	Glaucidium nana		SPECIES	Glaucidium nana (P.P.King, 1827)	Glaucidium nana	King, 1828	CL	Fundo El Almendral	Región Metropolitana de Santiago	PRESENT	2	bf0d80b3-46da-4e60-b1cf-39f2320acb43									2020-05-01	1	5	2020	3G644	3G644	HUMAN_OBSERVATION	MMA:GEFMONT	GEFMONT:ALM:N	ALM:N3:M5_1		Sergio Alvarado;Francisco Santander		CC_BY_4_0		Sergio Alvarado		native	2026-07-18T20:27:19.801Z		OCCURRENCE_STATUS_INFERRED_FROM_INDIVIDUAL_COUNT
3359689320	ec377d02-c837-445a-9a35-d600adbf0ba0	MMA:GEFMONT:ALM:U8:M2_3	Animalia	Chordata	Aves	Passeriformes	Turdidae	Turdus	Turdus falcklandii		SPECIES	Turdus falcklandii Quoy & Gaimard, 1824	Turdus falcklandii	Quoy & Gaimard, 1824	CL	Fundo El Almendral	Región Metropolitana de Santiago	PRESENT	4	bf0d80b3-46da-4e60-b1cf-39f2320acb43									2020-01-25	25	1	2020	7CZ7W	7CZ7W	HUMAN_OBSERVATION	MMA:GEFMONT	GEFMONT:ALM:U	ALM:U8:M2_3		Sergio Alvarado;Francisco Santander		CC_BY_4_0		Sergio Alvarado		native	2026-07-18T20:27:19.801Z		OCCURRENCE_STATUS_INFERRED_FROM_INDIVIDUAL_COUNT
3359689319	ec377d02-c837-445a-9a35-d600adbf0ba0	MMA:GEFMONT:ALM:U8:M2_2	Animalia	Chordata	Aves	Columbiformes	Columbidae	Zenaida	Zenaida auriculata		SPECIES	Zenaida auriculata (Des Murs, 1847)	Zenaida auriculata	Des Murs, 1847	CL	Fundo El Almendral	Región Metropolitana de Santiago	PRESENT	1	bf0d80b3-46da-4e60-b1cf-39f2320acb43									2020-01-25	25	1	2020	5D2BV	5D2BV	HUMAN_OBSERVATION	MMA:GEFMONT	GEFMONT:ALM:U	ALM:U8:M2_2		Sergio Alvarado;Francisco Santander		CC_BY_4_0		Sergio Alvarado		native	2026-07-18T20:27:19.800Z		OCCURRENCE_STATUS_INFERRED_FROM_INDIVIDUAL_COUNT
3359689318	ec377d02-c837-445a-9a35-d600adbf0ba0	MMA:GEFMONT:ALM:U8:M2_1	Animalia	Chordata	Aves	Charadriiformes	Charadriidae	Vanellus	Vanellus chilensis		SPECIES	Vanellus chilensis (Molina, 1782)	Vanellus chilensis	Molina, 1782	CL	Fundo El Almendral	Región Metropolitana de Santiago	PRESENT	1	bf0d80b3-46da-4e60-b1cf-39f2320acb43									2020-01-25	25	1	2020	7FFJ9	7FFJ9	HUMAN_OBSERVATION	MMA:GEFMONT	GEFMONT:ALM:U	ALM:U8:M2_1		Sergio Alvarado;Francisco Santander		CC_BY_4_0		Sergio Alvarado		native	2026-07-18T20:27:19.799Z		OCCURRENCE_STATUS_INFERRED_FROM_INDIVIDUAL_COUNT
3359689317	ec377d02-c837-445a-9a35-d600adbf0ba0	MMA:GEFMONT:ALM:U3:M7_1	Animalia	Chordata	Aves	Passeriformes	Icteridae	Curaeus	Curaeus curaeus		SPECIES	Curaeus curaeus (Molina, 1782)	Curaeus curaeus	Molina, 1782	CL	Fundo El Almendral	Región Metropolitana de Santiago	PRESENT	2	bf0d80b3-46da-4e60-b1cf-39f2320acb43									2020-08-28	28	8	2020	32G3G	32G3G	HUMAN_OBSERVATION	MMA:GEFMONT	GEFMONT:ALM:U	ALM:U3:M7_1		Sergio Alvarado;Francisco Santander		CC_BY_4_0		Sergio Alvarado		native	2026-07-18T20:27:19.799Z		OCCURRENCE_STATUS_INFERRED_FROM_INDIVIDUAL_COUNT
3359689316	ec377d02-c837-445a-9a35-d600adbf0ba0	MMA:GEFMONT:ALM:U3:M7_2	Animalia	Chordata	Aves	Passeriformes	Troglodytidae	Troglodytes	Troglodytes aedon		SPECIES	Troglodytes aedon Vieillot, 1809	Troglodytes aedon	Vieillot, 1809	CL	Fundo El Almendral	Región Metropolitana de Santiago	PRESENT	1	bf0d80b3-46da-4e60-b1cf-39f2320acb43									2020-08-28	28	8	2020	598SY	598SY	HUMAN_OBSERVATION	MMA:GEFMONT	GEFMONT:ALM:U	ALM:U3:M7_2		Sergio Alvarado;Francisco Santander		CC_BY_4_0		Sergio Alvarado		native	2026-07-18T20:27:19.799Z		OCCURRENCE_STATUS_INFERRED_FROM_INDIVIDUAL_COUNT
3359689315	ec377d02-c837-445a-9a35-d600adbf0ba0	MMA:GEFMONT:ALM:U3:M7_3	Animalia	Chordata	Aves	Passeriformes	Passerellidae	Zonotrichia	Zonotrichia capensis		SPECIES	Zonotrichia capensis (P.L.S.Müller, 1776)	Zonotrichia capensis	Statius Müller, 1776	CL	Fundo El Almendral	Región Metropolitana de Santiago	PRESENT	2	bf0d80b3-46da-4e60-b1cf-39f2320acb43									2020-08-28	28	8	2020	5D763	5D763	HUMAN_OBSERVATION	MMA:GEFMONT	GEFMONT:ALM:U	ALM:U3:M7_3		Sergio Alvarado;Francisco Santander		CC_BY_4_0		Sergio Alvarado		native	2026-07-18T20:27:19.798Z		OCCURRENCE_STATUS_INFERRED_FROM_INDIVIDUAL_COUNT
3359689314	ec377d02-c837-445a-9a35-d600adbf0ba0	MMA:GEFMONT:ALM:E6:M4_6	Animalia	Chordata	Aves	Falconiformes	Falconidae	Milvago	Milvago chimango		SPECIES	Milvago chimango (Vieillot, 1816)	Milvago chimango	Vieillot, 1816	CL	Fundo El Almendral	Región Metropolitana de Santiago	PRESENT	6	bf0d80b3-46da-4e60-b1cf-39f2320acb43									2020-03-28	28	3	2020	43DZ9	43DZ9	HUMAN_OBSERVATION	MMA:GEFMONT	GEFMONT:ALM:E	ALM:E6:M4_6		Sergio Alvarado;Francisco Santander		CC_BY_4_0		Sergio Alvarado		native	2026-07-18T20:27:19.724Z		OCCURRENCE_STATUS_INFERRED_FROM_INDIVIDUAL_COUNT
3359689313	ec377d02-c837-445a-9a35-d600adbf0ba0	MMA:GEFMONT:ALM:E6:M4_3	Animalia	Chordata	Aves	Passeriformes	Fringillidae	Spinus	Spinus barbatus		SPECIES	Spinus barbatus (Molina, 1782)	Spinus barbatus	Molina, 1782	CL	Fundo El Almendral	Región Metropolitana de Santiago	PRESENT	1	bf0d80b3-46da-4e60-b1cf-39f2320acb43									2020-03-28	28	3	2020	4Z65L	4Z65L	HUMAN_OBSERVATION	MMA:GEFMONT	GEFMONT:ALM:E	ALM:E6:M4_3		Sergio Alvarado;Francisco Santander		CC_BY_4_0		Sergio Alvarado		native	2026-07-18T20:27:19.724Z		OCCURRENCE_STATUS_INFERRED_FROM_INDIVIDUAL_COUNT
3359689312	ec377d02-c837-445a-9a35-d600adbf0ba0	MMA:GEFMONT:ALM:E6:M4_2	Animalia	Chordata	Aves	Passeriformes	Fringillidae	Spinus	Spinus barbatus		SPECIES	Spinus barbatus (Molina, 1782)	Spinus barbatus	Molina, 1782	CL	Fundo El Almendral	Región Metropolitana de Santiago	PRESENT	2	bf0d80b3-46da-4e60-b1cf-39f2320acb43									2020-03-28	28	3	2020	4Z65L	4Z65L	HUMAN_OBSERVATION	MMA:GEFMONT	GEFMONT:ALM:E	ALM:E6:M4_2		Sergio Alvarado;Francisco Santander		CC_BY_4_0		Sergio Alvarado		native	2026-07-18T20:27:19.724Z		OCCURRENCE_STATUS_INFERRED_FROM_INDIVIDUAL_COUNT
3359689311	ec377d02-c837-445a-9a35-d600adbf0ba0	MMA:GEFMONT:ALM:E6:M4_5	Animalia	Chordata	Aves	Accipitriformes	Accipitridae	Parabuteo	Parabuteo unicinctus		SPECIES	Parabuteo unicinctus (Temminck, 1824)	Parabuteo unicinctus	Temminck, 1824	CL	Fundo El Almendral	Región Metropolitana de Santiago	PRESENT	1	bf0d80b3-46da-4e60-b1cf-39f2320acb43									2020-03-28	28	3	2020	4CN4R	4CN4R	HUMAN_OBSERVATION	MMA:GEFMONT	GEFMONT:ALM:E	ALM:E6:M4_5		Sergio Alvarado;Francisco Santander		CC_BY_4_0		Sergio Alvarado		native	2026-07-18T20:27:19.642Z		OCCURRENCE_STATUS_INFERRED_FROM_INDIVIDUAL_COUNT
3359689310	ec377d02-c837-445a-9a35-d600adbf0ba0	MMA:GEFMONT:ALM:E6:M4_4	Animalia	Chordata	Aves	Passeriformes	Fringillidae	Spinus	Spinus barbatus		SPECIES	Spinus barbatus (Molina, 1782)	Spinus barbatus	Molina, 1782	CL	Fundo El Almendral	Región Metropolitana de Santiago	PRESENT	2	bf0d80b3-46da-4e60-b1cf-39f2320acb43									2020-03-28	28	3	2020	4Z65L	4Z65L	HUMAN_OBSERVATION	MMA:GEFMONT	GEFMONT:ALM:E	ALM:E6:M4_4		Sergio Alvarado;Francisco Santander		CC_BY_4_0		Sergio Alvarado		native	2026-07-18T20:27:19.642Z		OCCURRENCE_STATUS_INFERRED_FROM_INDIVIDUAL_COUNT
3359689309	ec377d02-c837-445a-9a35-d600adbf0ba0	MMA:GEFMONT:ALM:U4:M3_2	Animalia	Chordata	Aves	Passeriformes	Icteridae	Curaeus	Curaeus curaeus		SPECIES	Curaeus curaeus (Molina, 1782)	Curaeus curaeus	Molina, 1782	CL	Fundo El Almendral	Región Metropolitana de Santiago	PRESENT	3	bf0d80b3-46da-4e60-b1cf-39f2320acb43									2020-02-29	29	2	2020	32G3G	32G3G	HUMAN_OBSERVATION	MMA:GEFMONT	GEFMONT:ALM:U	ALM:U4:M3_2		Sergio Alvarado;Francisco Santander		CC_BY_4_0		Sergio Alvarado		native	2026-07-18T20:27:19.580Z		OCCURRENCE_STATUS_INFERRED_FROM_INDIVIDUAL_COUNT
3359689308	ec377d02-c837-445a-9a35-d600adbf0ba0	MMA:GEFMONT:ALM:E6:M4_1	Animalia	Chordata	Aves	Passeriformes	Fringillidae	Spinus	Spinus barbatus		SPECIES	Spinus barbatus (Molina, 1782)	Spinus barbatus	Molina, 1782	CL	Fundo El Almendral	Región Metropolitana de Santiago	PRESENT	2	bf0d80b3-46da-4e60-b1cf-39f2320acb43									2020-03-28	28	3	2020	4Z65L	4Z65L	HUMAN_OBSERVATION	MMA:GEFMONT	GEFMONT:ALM:E	ALM:E6:M4_1		Sergio Alvarado;Francisco Santander		CC_BY_4_0		Sergio Alvarado		native	2026-07-18T20:27:19.549Z		OCCURRENCE_STATUS_INFERRED_FROM_INDIVIDUAL_COUNT
3359689307	ec377d02-c837-445a-9a35-d600adbf0ba0	MMA:GEFMONT:ALM:U4:M3_1	Animalia	Chordata	Aves	Columbiformes	Columbidae	Columbina	Columbina picui		SPECIES	Columbina picui (Temminck, 1813)	Columbina picui	Temminck, 1813	CL	Fundo El Almendral	Región Metropolitana de Santiago	PRESENT	3	bf0d80b3-46da-4e60-b1cf-39f2320acb43									2020-02-29	29	2	2020	5ZPZZ	5ZPZZ	HUMAN_OBSERVATION	MMA:GEFMONT	GEFMONT:ALM:U	ALM:U4:M3_1		Sergio Alvarado;Francisco Santander		CC_BY_4_0		Sergio Alvarado		native	2026-07-18T20:27:19.549Z		OCCURRENCE_STATUS_INFERRED_FROM_INDIVIDUAL_COUNT
3359689306	ec377d02-c837-445a-9a35-d600adbf0ba0	MMA:GEFMONT:ALM:E3:M1_1	Animalia	Chordata	Aves	Accipitriformes	Cathartidae	Vultur	Vultur gryphus		SPECIES	Vultur gryphus Linnaeus, 1758	Vultur gryphus	Linnaeus, 1758	CL	Fundo El Almendral	Región Metropolitana de Santiago	PRESENT	1	bf0d80b3-46da-4e60-b1cf-39f2320acb43									2019-12-27	27	12	2019	5BSLM	5BSLM	HUMAN_OBSERVATION	MMA:GEFMONT	GEFMONT:ALM:E	ALM:E3:M1_1		Sergio Alvarado;Francisco Santander		CC_BY_4_0		Sergio Alvarado		native	2026-07-18T20:27:19.503Z		OCCURRENCE_STATUS_INFERRED_FROM_INDIVIDUAL_COUNT
3359689305	ec377d02-c837-445a-9a35-d600adbf0ba0	MMA:GEFMONT:ALM:U11:M6_1	Animalia	Chordata	Aves	Passeriformes	Icteridae	Leistes	Leistes loyca		SPECIES	Leistes loyca (Molina, 1782)	Leistes loyca	Molina, 1782	CL	Fundo El Almendral	Región Metropolitana de Santiago	PRESENT	1	bf0d80b3-46da-4e60-b1cf-39f2320acb43									2020-06-01	1	6	2020	DDCWV	DDCWV	HUMAN_OBSERVATION	MMA:GEFMONT	GEFMONT:ALM:U	ALM:U11:M6_1		Sergio Alvarado;Francisco Santander		CC_BY_4_0		Sergio Alvarado		native	2026-07-18T20:27:19.472Z		OCCURRENCE_STATUS_INFERRED_FROM_INDIVIDUAL_COUNT
3359689304	ec377d02-c837-445a-9a35-d600adbf0ba0	MMA:GEFMONT:ALM:U11:M6_4	Animalia	Chordata	Aves	Columbiformes	Columbidae	Columbina	Columbina picui		SPECIES	Columbina picui (Temminck, 1813)	Columbina picui	Temminck, 1813	CL	Fundo El Almendral	Región Metropolitana de Santiago	PRESENT	1	bf0d80b3-46da-4e60-b1cf-39f2320acb43									2020-06-01	1	6	2020	5ZPZZ	5ZPZZ	HUMAN_OBSERVATION	MMA:GEFMONT	GEFMONT:ALM:U	ALM:U11:M6_4		Sergio Alvarado;Francisco Santander		CC_BY_4_0		Sergio Alvarado		native	2026-07-18T20:27:19.438Z		OCCURRENCE_STATUS_INFERRED_FROM_INDIVIDUAL_COUNT
3359689303	ec377d02-c837-445a-9a35-d600adbf0ba0	MMA:GEFMONT:ALM:U11:M6_5	Animalia	Chordata	Aves	Passeriformes	Turdidae	Turdus	Turdus falcklandii		SPECIES	Turdus falcklandii Quoy & Gaimard, 1824	Turdus falcklandii	Quoy & Gaimard, 1824	CL	Fundo El Almendral	Región Metropolitana de Santiago	PRESENT	1	bf0d80b3-46da-4e60-b1cf-39f2320acb43									2020-06-01	1	6	2020	7CZ7W	7CZ7W	HUMAN_OBSERVATION	MMA:GEFMONT	GEFMONT:ALM:U	ALM:U11:M6_5		Sergio Alvarado;Francisco Santander		CC_BY_4_0		Sergio Alvarado		native	2026-07-18T20:27:19.332Z		OCCURRENCE_STATUS_INFERRED_FROM_INDIVIDUAL_COUNT
3359689302	ec377d02-c837-445a-9a35-d600adbf0ba0	MMA:GEFMONT:ALM:U11:M6_2	Animalia	Chordata	Aves	Piciformes	Picidae	Colaptes	Colaptes pitius		SPECIES	Colaptes pitius (Molina, 1782)	Colaptes pitius	Molina, 1782	CL	Fundo El Almendral	Región Metropolitana de Santiago	PRESENT	1	bf0d80b3-46da-4e60-b1cf-39f2320acb43									2020-06-01	1	6	2020	WX2S	WX2S	HUMAN_OBSERVATION	MMA:GEFMONT	GEFMONT:ALM:U	ALM:U11:M6_2		Sergio Alvarado;Francisco Santander		CC_BY_4_0		Sergio Alvarado		native	2026-07-18T20:27:19.292Z		OCCURRENCE_STATUS_INFERRED_FROM_INDIVIDUAL_COUNT
3359689301	ec377d02-c837-445a-9a35-d600adbf0ba0	MMA:GEFMONT:ALM:U11:M6_3	Animalia	Chordata	Aves	Charadriiformes	Charadriidae	Vanellus	Vanellus chilensis		SPECIES	Vanellus chilensis (Molina, 1782)	Vanellus chilensis	Molina, 1782	CL	Fundo El Almendral	Región Metropolitana de Santiago	PRESENT	1	bf0d80b3-46da-4e60-b1cf-39f2320acb43									2020-06-01	1	6	2020	7FFJ9	7FFJ9	HUMAN_OBSERVATION	MMA:GEFMONT	GEFMONT:ALM:U	ALM:U11:M6_3		Sergio Alvarado;Francisco Santander		CC_BY_4_0		Sergio Alvarado		native	2026-07-18T20:27:19.289Z		OCCURRENCE_STATUS_INFERRED_FROM_INDIVIDUAL_COUNT
